mutation,status,reason,pval
A[C>A]A,kept,selected,0.0003150641366441221
A[C>A]C,kept,selected,0.0001027405561383268
A[C>A]G,dropped,low_variance,
A[C>A]T,kept,selected,0.0006996283836205699
A[C>G]A,kept,selected,0.1479277220238315
A[C>G]C,dropped,low_variance,
A[C>G]G,dropped,low_variance,
A[C>G]T,dropped,low_variance,
A[C>T]A,kept,selected,0.0053749597557645
A[C>T]C,kept,selected,0.03948685543219458
A[C>T]G,dropped,low_variance,
A[C>T]T,kept,selected,0.08440164995720947
A[T>A]A,kept,selected,0.15305553428900687
A[T>A]C,kept,selected,0.24632534190106703
A[T>A]G,kept,selected,0.21988767597924508
A[T>A]T,kept,selected,0.15049596535668028
A[T>C]A,dropped,not_top_pval,0.29675060325445507
A[T>C]C,dropped,not_top_pval,0.34249906074031444
A[T>C]G,dropped,high_correlation,
A[T>C]T,dropped,high_correlation,
A[T>G]A,dropped,low_variance,
A[T>G]C,dropped,low_variance,
A[T>G]G,dropped,low_variance,
A[T>G]T,dropped,low_variance,
C[C>A]A,dropped,high_correlation,
C[C>A]C,dropped,high_correlation,
C[C>A]G,dropped,high_correlation,
C[C>A]T,dropped,high_correlation,
C[C>G]A,dropped,not_top_pval,0.34412838777044885
C[C>G]C,dropped,not_top_pval,0.4351218368827996
C[C>G]G,dropped,low_variance,
C[C>G]T,dropped,low_variance,
C[C>T]A,kept,selected,0.14323233052089507
C[C>T]C,kept,selected,0.19663469345524623
C[C>T]G,dropped,low_variance,
C[C>T]T,kept,selected,0.050910114637956645
C[T>A]A,dropped,not_top_pval,0.5205040382148436
C[T>A]C,kept,selected,0.20615658670897985
C[T>A]G,dropped,not_top_pval,0.4253169115080013
C[T>A]T,dropped,not_top_pval,0.25563300012330975
C[T>C]A,dropped,high_correlation,
C[T>C]C,dropped,high_correlation,
C[T>C]G,dropped,high_correlation,
C[T>C]T,dropped,high_correlation,
C[T>G]A,dropped,low_variance,
C[T>G]C,dropped,low_variance,
C[T>G]G,dropped,not_top_pval,0.5508321689725805
C[T>G]T,kept,selected,0.0734689575617246
G[C>A]A,dropped,not_top_pval,0.3621515033347804
G[C>A]C,dropped,high_correlation,
G[C>A]G,dropped,high_correlation,
G[C>A]T,dropped,high_correlation,
G[C>G]A,kept,selected,0.1579962073616605
G[C>G]C,kept,selected,0.13533632235983914
G[C>G]G,dropped,low_variance,
G[C>G]T,dropped,not_top_pval,0.4398786518666289
G[C>T]A,kept,selected,0.10466365341635112
G[C>T]C,dropped,high_correlation,
G[C>T]G,dropped,not_top_pval,0.305942045631263
G[C>T]T,dropped,high_correlation,
G[T>A]A,kept,selected,0.13927796201891582
G[T>A]C,dropped,not_top_pval,0.33643538415256435
G[T>A]G,kept,selected,0.21444553637541705
G[T>A]T,kept,selected,0.10014274176931649
G[T>C]A,dropped,high_correlation,
G[T>C]C,dropped,high_correlation,
G[T>C]G,dropped,high_correlation,
G[T>C]T,dropped,high_correlation,
G[T>G]A,dropped,low_variance,
G[T>G]C,dropped,low_variance,
G[T>G]G,dropped,low_variance,
G[T>G]T,dropped,low_variance,
T[C>A]A,dropped,high_correlation,
T[C>A]C,dropped,high_correlation,
T[C>A]G,dropped,high_correlation,
T[C>A]T,dropped,high_correlation,
T[C>G]A,kept,selected,0.15250333211277642
T[C>G]C,kept,selected,0.038315821049635115
T[C>G]G,dropped,low_variance,
T[C>G]T,dropped,not_top_pval,0.3428687546756809
T[C>T]A,kept,selected,0.11215740537492432
T[C>T]C,kept,selected,0.042464266507669955
T[C>T]G,dropped,low_variance,
T[C>T]T,kept,selected,0.15338843048149126
T[T>A]A,kept,selected,0.2505232003786132
T[T>A]C,dropped,not_top_pval,0.4190713664504452
T[T>A]G,dropped,not_top_pval,0.38295035000868805
T[T>A]T,dropped,not_top_pval,0.28482119906222947
T[T>C]A,dropped,high_correlation,
T[T>C]C,dropped,high_correlation,
T[T>C]G,dropped,high_correlation,
T[T>C]T,dropped,high_correlation,
T[T>G]A,dropped,low_variance,
T[T>G]C,dropped,low_variance,
T[T>G]G,kept,selected,0.10465909179415975
T[T>G]T,kept,selected,0.1170324688468604
