mean_fit_time,std_fit_time,mean_score_time,std_score_time,param_subsample,param_num_leaves,param_n_estimators,param_min_child_samples,param_max_depth,param_learning_rate,param_colsample_bytree,param_boosting_type,params,split0_test_score,split1_test_score,split2_test_score,split3_test_score,mean_test_score,std_test_score,rank_test_score,params_str,fold
1.1823483109474182,0.9468016103025844,0.015400111675262451,0.0020508445377627545,0.9,15,100,20,5,0.05,1.0,gbdt,"{'subsample': 0.9, 'num_leaves': 15, 'n_estimators': 100, 'min_child_samples': 20, 'max_depth': 5, 'learning_rate': 0.05, 'colsample_bytree': 1.0, 'boosting_type': 'gbdt'}",0.0,0.0,0.6,0.0,0.15,0.25980762113533157,39,"{""subsample"": 0.9, ""num_leaves"": 15, ""n_estimators"": 100, ""min_child_samples"": 20, ""max_depth"": 5, ""learning_rate"": 0.05, ""colsample_bytree"": 1.0, ""boosting_type"": ""gbdt""}",13
3.5317463278770447,1.6942415263911073,0.026174843311309814,0.008892245672437384,1.0,15,200,5,5,0.1,0.9,gbdt,"{'subsample': 1.0, 'num_leaves': 15, 'n_estimators': 200, 'min_child_samples': 5, 'max_depth': 5, 'learning_rate': 0.1, 'colsample_bytree': 0.9, 'boosting_type': 'gbdt'}",0.8571428571428571,0.8888888888888888,0.5714285714285714,0.6666666666666666,0.7460317460317459,0.13185117242727104,35,"{""subsample"": 1.0, ""num_leaves"": 15, ""n_estimators"": 200, ""min_child_samples"": 5, ""max_depth"": 5, ""learning_rate"": 0.1, ""colsample_bytree"": 0.9, ""boosting_type"": ""gbdt""}",13
1.805025577545166,2.22317949417852,0.021068692207336426,0.0031235606742938985,1.0,63,50,10,3,0.01,0.9,gbdt,"{'subsample': 1.0, 'num_leaves': 63, 'n_estimators': 50, 'min_child_samples': 10, 'max_depth': 3, 'learning_rate': 0.01, 'colsample_bytree': 0.9, 'boosting_type': 'gbdt'}",0.8888888888888888,0.8,0.8,0.6666666666666666,0.7888888888888889,0.07934920476158722,13,"{""subsample"": 1.0, ""num_leaves"": 63, ""n_estimators"": 50, ""min_child_samples"": 10, ""max_depth"": 3, ""learning_rate"": 0.01, ""colsample_bytree"": 0.9, ""boosting_type"": ""gbdt""}",13
7.791304349899292,7.274217003812032,0.020371854305267334,0.006921779741845533,1.0,15,100,5,5,0.01,1.0,gbdt,"{'subsample': 1.0, 'num_leaves': 15, 'n_estimators': 100, 'min_child_samples': 5, 'max_depth': 5, 'learning_rate': 0.01, 'colsample_bytree': 1.0, 'boosting_type': 'gbdt'}",1.0,0.8888888888888888,0.8,0.6666666666666666,0.8388888888888889,0.1220958943101995,3,"{""subsample"": 1.0, ""num_leaves"": 15, ""n_estimators"": 100, ""min_child_samples"": 5, ""max_depth"": 5, ""learning_rate"": 0.01, ""colsample_bytree"": 1.0, ""boosting_type"": ""gbdt""}",13
3.052396595478058,1.3682086411124974,0.02494668960571289,0.004410206907057231,0.7,31,200,5,3,0.05,0.9,gbdt,"{'subsample': 0.7, 'num_leaves': 31, 'n_estimators': 200, 'min_child_samples': 5, 'max_depth': 3, 'learning_rate': 0.05, 'colsample_bytree': 0.9, 'boosting_type': 'gbdt'}",0.8571428571428571,0.8888888888888888,0.8571428571428571,0.6666666666666666,0.8174603174603174,0.08802013100324933,4,"{""subsample"": 0.7, ""num_leaves"": 31, ""n_estimators"": 200, ""min_child_samples"": 5, ""max_depth"": 3, ""learning_rate"": 0.05, ""colsample_bytree"": 0.9, ""boosting_type"": ""gbdt""}",13
1.9042672514915466,1.43521076057142,0.025703907012939453,0.008761842498881322,0.7,31,100,10,7,0.1,1.0,gbdt,"{'subsample': 0.7, 'num_leaves': 31, 'n_estimators': 100, 'min_child_samples': 10, 'max_depth': 7, 'learning_rate': 0.1, 'colsample_bytree': 1.0, 'boosting_type': 'gbdt'}",1.0,0.8,0.6666666666666666,0.6666666666666666,0.7833333333333333,0.1364225461978742,24,"{""subsample"": 0.7, ""num_leaves"": 31, ""n_estimators"": 100, ""min_child_samples"": 10, ""max_depth"": 7, ""learning_rate"": 0.1, ""colsample_bytree"": 1.0, ""boosting_type"": ""gbdt""}",13
4.990193247795105,2.3782722952557784,0.02406221628189087,0.005909660640862954,0.7,63,200,10,3,0.05,1.0,gbdt,"{'subsample': 0.7, 'num_leaves': 63, 'n_estimators': 200, 'min_child_samples': 10, 'max_depth': 3, 'learning_rate': 0.05, 'colsample_bytree': 1.0, 'boosting_type': 'gbdt'}",1.0,0.8,0.6666666666666666,0.6666666666666666,0.7833333333333333,0.1364225461978742,24,"{""subsample"": 0.7, ""num_leaves"": 63, ""n_estimators"": 200, ""min_child_samples"": 10, ""max_depth"": 3, ""learning_rate"": 0.05, ""colsample_bytree"": 1.0, ""boosting_type"": ""gbdt""}",13
1.7465538382530212,1.739782294027096,0.017086267471313477,0.0036588351855846176,1.0,31,50,10,3,0.1,0.9,gbdt,"{'subsample': 1.0, 'num_leaves': 31, 'n_estimators': 50, 'min_child_samples': 10, 'max_depth': 3, 'learning_rate': 0.1, 'colsample_bytree': 0.9, 'boosting_type': 'gbdt'}",1.0,0.8,0.6666666666666666,0.6666666666666666,0.7833333333333333,0.1364225461978742,24,"{""subsample"": 1.0, ""num_leaves"": 31, ""n_estimators"": 50, ""min_child_samples"": 10, ""max_depth"": 3, ""learning_rate"": 0.1, ""colsample_bytree"": 0.9, ""boosting_type"": ""gbdt""}",13
0.7871106863021851,0.22790798227870673,0.02372962236404419,0.0021410715353586216,1.0,63,50,10,7,0.1,1.0,gbdt,"{'subsample': 1.0, 'num_leaves': 63, 'n_estimators': 50, 'min_child_samples': 10, 'max_depth': 7, 'learning_rate': 0.1, 'colsample_bytree': 1.0, 'boosting_type': 'gbdt'}",1.0,0.8,0.6666666666666666,0.6666666666666666,0.7833333333333333,0.1364225461978742,24,"{""subsample"": 1.0, ""num_leaves"": 63, ""n_estimators"": 50, ""min_child_samples"": 10, ""max_depth"": 7, ""learning_rate"": 0.1, ""colsample_bytree"": 1.0, ""boosting_type"": ""gbdt""}",13
1.1676790118217468,0.7953755735427613,0.02353435754776001,0.004898874186877538,0.9,63,100,20,3,0.05,1.0,gbdt,"{'subsample': 0.9, 'num_leaves': 63, 'n_estimators': 100, 'min_child_samples': 20, 'max_depth': 3, 'learning_rate': 0.05, 'colsample_bytree': 1.0, 'boosting_type': 'gbdt'}",0.0,0.0,0.6,0.0,0.15,0.25980762113533157,39,"{""subsample"": 0.9, ""num_leaves"": 63, ""n_estimators"": 100, ""min_child_samples"": 20, ""max_depth"": 3, ""learning_rate"": 0.05, ""colsample_bytree"": 1.0, ""boosting_type"": ""gbdt""}",13
1.2782843708992004,0.3588399348961202,0.02357274293899536,0.003989874452010059,0.9,15,100,10,7,0.01,1.0,gbdt,"{'subsample': 0.9, 'num_leaves': 15, 'n_estimators': 100, 'min_child_samples': 10, 'max_depth': 7, 'learning_rate': 0.01, 'colsample_bytree': 1.0, 'boosting_type': 'gbdt'}",0.8888888888888888,0.8,0.8,0.6666666666666666,0.7888888888888889,0.07934920476158722,13,"{""subsample"": 0.9, ""num_leaves"": 15, ""n_estimators"": 100, ""min_child_samples"": 10, ""max_depth"": 7, ""learning_rate"": 0.01, ""colsample_bytree"": 1.0, ""boosting_type"": ""gbdt""}",13
2.8465503454208374,3.6228046031941923,0.025264203548431396,0.01096672133436422,1.0,63,50,5,3,0.01,1.0,gbdt,"{'subsample': 1.0, 'num_leaves': 63, 'n_estimators': 50, 'min_child_samples': 5, 'max_depth': 3, 'learning_rate': 0.01, 'colsample_bytree': 1.0, 'boosting_type': 'gbdt'}",0.8888888888888888,0.8888888888888888,0.6666666666666666,0.6666666666666666,0.7777777777777777,0.1111111111111111,29,"{""subsample"": 1.0, ""num_leaves"": 63, ""n_estimators"": 50, ""min_child_samples"": 5, ""max_depth"": 3, ""learning_rate"": 0.01, ""colsample_bytree"": 1.0, ""boosting_type"": ""gbdt""}",13
2.788643717765808,3.5290955613977117,0.0184096097946167,0.0030649228784310964,0.9,63,50,5,5,0.05,1.0,gbdt,"{'subsample': 0.9, 'num_leaves': 63, 'n_estimators': 50, 'min_child_samples': 5, 'max_depth': 5, 'learning_rate': 0.05, 'colsample_bytree': 1.0, 'boosting_type': 'gbdt'}",0.8888888888888888,0.8888888888888888,0.6666666666666666,0.6666666666666666,0.7777777777777777,0.1111111111111111,29,"{""subsample"": 0.9, ""num_leaves"": 63, ""n_estimators"": 50, ""min_child_samples"": 5, ""max_depth"": 5, ""learning_rate"": 0.05, ""colsample_bytree"": 1.0, ""boosting_type"": ""gbdt""}",13
0.8660352230072021,0.5672024280530178,0.022677481174468994,0.004223970279953691,0.7,15,50,5,5,0.05,0.9,gbdt,"{'subsample': 0.7, 'num_leaves': 15, 'n_estimators': 50, 'min_child_samples': 5, 'max_depth': 5, 'learning_rate': 0.05, 'colsample_bytree': 0.9, 'boosting_type': 'gbdt'}",0.8888888888888888,0.8888888888888888,0.6666666666666666,0.6666666666666666,0.7777777777777777,0.1111111111111111,29,"{""subsample"": 0.7, ""num_leaves"": 15, ""n_estimators"": 50, ""min_child_samples"": 5, ""max_depth"": 5, ""learning_rate"": 0.05, ""colsample_bytree"": 0.9, ""boosting_type"": ""gbdt""}",13
3.827459394931793,2.1358977287091365,0.022274255752563477,0.012166683617109757,0.9,15,50,10,5,0.01,0.7,gbdt,"{'subsample': 0.9, 'num_leaves': 15, 'n_estimators': 50, 'min_child_samples': 10, 'max_depth': 5, 'learning_rate': 0.01, 'colsample_bytree': 0.7, 'boosting_type': 'gbdt'}",0.8888888888888888,0.8,0.8,0.6666666666666666,0.7888888888888889,0.07934920476158722,13,"{""subsample"": 0.9, ""num_leaves"": 15, ""n_estimators"": 50, ""min_child_samples"": 10, ""max_depth"": 5, ""learning_rate"": 0.01, ""colsample_bytree"": 0.7, ""boosting_type"": ""gbdt""}",13
1.9337101578712463,0.6499637601607172,0.025331079959869385,0.0076530947133179724,0.9,31,200,10,7,0.01,0.7,gbdt,"{'subsample': 0.9, 'num_leaves': 31, 'n_estimators': 200, 'min_child_samples': 10, 'max_depth': 7, 'learning_rate': 0.01, 'colsample_bytree': 0.7, 'boosting_type': 'gbdt'}",0.8888888888888888,0.8,0.8,0.6666666666666666,0.7888888888888889,0.07934920476158722,13,"{""subsample"": 0.9, ""num_leaves"": 31, ""n_estimators"": 200, ""min_child_samples"": 10, ""max_depth"": 7, ""learning_rate"": 0.01, ""colsample_bytree"": 0.7, ""boosting_type"": ""gbdt""}",13
0.5818933844566345,0.31943585867863106,0.024440526962280273,0.004792133408917258,0.9,31,50,5,7,0.05,0.7,gbdt,"{'subsample': 0.9, 'num_leaves': 31, 'n_estimators': 50, 'min_child_samples': 5, 'max_depth': 7, 'learning_rate': 0.05, 'colsample_bytree': 0.7, 'boosting_type': 'gbdt'}",1.0,0.8888888888888888,0.6666666666666666,0.6666666666666666,0.8055555555555555,0.14433756729740646,6,"{""subsample"": 0.9, ""num_leaves"": 31, ""n_estimators"": 50, ""min_child_samples"": 5, ""max_depth"": 7, ""learning_rate"": 0.05, ""colsample_bytree"": 0.7, ""boosting_type"": ""gbdt""}",13
1.8628271222114563,1.9826735210405635,0.025739073753356934,0.005167631314304461,0.7,15,100,10,5,0.01,1.0,gbdt,"{'subsample': 0.7, 'num_leaves': 15, 'n_estimators': 100, 'min_child_samples': 10, 'max_depth': 5, 'learning_rate': 0.01, 'colsample_bytree': 1.0, 'boosting_type': 'gbdt'}",0.8888888888888888,0.8,0.8,0.6666666666666666,0.7888888888888889,0.07934920476158722,13,"{""subsample"": 0.7, ""num_leaves"": 15, ""n_estimators"": 100, ""min_child_samples"": 10, ""max_depth"": 5, ""learning_rate"": 0.01, ""colsample_bytree"": 1.0, ""boosting_type"": ""gbdt""}",13
2.0712223052978516,1.3499004620634454,0.025790274143218994,0.005609854876565707,1.0,15,50,10,3,0.01,0.7,gbdt,"{'subsample': 1.0, 'num_leaves': 15, 'n_estimators': 50, 'min_child_samples': 10, 'max_depth': 3, 'learning_rate': 0.01, 'colsample_bytree': 0.7, 'boosting_type': 'gbdt'}",0.8888888888888888,0.8,0.8,0.6666666666666666,0.7888888888888889,0.07934920476158722,13,"{""subsample"": 1.0, ""num_leaves"": 15, ""n_estimators"": 50, ""min_child_samples"": 10, ""max_depth"": 3, ""learning_rate"": 0.01, ""colsample_bytree"": 0.7, ""boosting_type"": ""gbdt""}",13
1.022605061531067,0.43088980112102415,0.01968604326248169,0.008169224539743964,1.0,31,50,5,7,0.05,0.7,gbdt,"{'subsample': 1.0, 'num_leaves': 31, 'n_estimators': 50, 'min_child_samples': 5, 'max_depth': 7, 'learning_rate': 0.05, 'colsample_bytree': 0.7, 'boosting_type': 'gbdt'}",1.0,0.8888888888888888,0.6666666666666666,0.6666666666666666,0.8055555555555555,0.14433756729740646,6,"{""subsample"": 1.0, ""num_leaves"": 31, ""n_estimators"": 50, ""min_child_samples"": 5, ""max_depth"": 7, ""learning_rate"": 0.05, ""colsample_bytree"": 0.7, ""boosting_type"": ""gbdt""}",13
3.778804898262024,0.7641467979743745,0.02407824993133545,0.007313537093269181,1.0,15,100,5,3,0.1,0.9,gbdt,"{'subsample': 1.0, 'num_leaves': 15, 'n_estimators': 100, 'min_child_samples': 5, 'max_depth': 3, 'learning_rate': 0.1, 'colsample_bytree': 0.9, 'boosting_type': 'gbdt'}",0.8571428571428571,0.8888888888888888,0.8571428571428571,0.6666666666666666,0.8174603174603174,0.08802013100324933,4,"{""subsample"": 1.0, ""num_leaves"": 15, ""n_estimators"": 100, ""min_child_samples"": 5, ""max_depth"": 3, ""learning_rate"": 0.1, ""colsample_bytree"": 0.9, ""boosting_type"": ""gbdt""}",13
2.7212448716163635,1.1668762141927727,0.022009313106536865,0.0029701422516348963,0.7,31,200,10,3,0.1,0.9,gbdt,"{'subsample': 0.7, 'num_leaves': 31, 'n_estimators': 200, 'min_child_samples': 10, 'max_depth': 3, 'learning_rate': 0.1, 'colsample_bytree': 0.9, 'boosting_type': 'gbdt'}",1.0,0.6,0.4,0.6666666666666666,0.6666666666666666,0.21602468994692867,37,"{""subsample"": 0.7, ""num_leaves"": 31, ""n_estimators"": 200, ""min_child_samples"": 10, ""max_depth"": 3, ""learning_rate"": 0.1, ""colsample_bytree"": 0.9, ""boosting_type"": ""gbdt""}",13
1.7862499356269836,1.354571097462711,0.021663367748260498,0.0038202287139057333,0.9,63,100,5,3,0.05,0.7,gbdt,"{'subsample': 0.9, 'num_leaves': 63, 'n_estimators': 100, 'min_child_samples': 5, 'max_depth': 3, 'learning_rate': 0.05, 'colsample_bytree': 0.7, 'boosting_type': 'gbdt'}",1.0,0.8888888888888888,0.8571428571428571,0.6666666666666666,0.8531746031746031,0.1200355830337633,1,"{""subsample"": 0.9, ""num_leaves"": 63, ""n_estimators"": 100, ""min_child_samples"": 5, ""max_depth"": 3, ""learning_rate"": 0.05, ""colsample_bytree"": 0.7, ""boosting_type"": ""gbdt""}",13
0.6834158301353455,0.5839525118561127,0.024510204792022705,0.004867029404655727,0.7,31,200,20,5,0.05,1.0,gbdt,"{'subsample': 0.7, 'num_leaves': 31, 'n_estimators': 200, 'min_child_samples': 20, 'max_depth': 5, 'learning_rate': 0.05, 'colsample_bytree': 1.0, 'boosting_type': 'gbdt'}",0.0,0.0,0.6,0.0,0.15,0.25980762113533157,39,"{""subsample"": 0.7, ""num_leaves"": 31, ""n_estimators"": 200, ""min_child_samples"": 20, ""max_depth"": 5, ""learning_rate"": 0.05, ""colsample_bytree"": 1.0, ""boosting_type"": ""gbdt""}",13
1.0321276783943176,0.3587982189786133,0.023383736610412598,0.004141439970430602,0.7,31,100,10,5,0.01,0.9,gbdt,"{'subsample': 0.7, 'num_leaves': 31, 'n_estimators': 100, 'min_child_samples': 10, 'max_depth': 5, 'learning_rate': 0.01, 'colsample_bytree': 0.9, 'boosting_type': 'gbdt'}",0.8888888888888888,0.8,0.8,0.6666666666666666,0.7888888888888889,0.07934920476158722,13,"{""subsample"": 0.7, ""num_leaves"": 31, ""n_estimators"": 100, ""min_child_samples"": 10, ""max_depth"": 5, ""learning_rate"": 0.01, ""colsample_bytree"": 0.9, ""boosting_type"": ""gbdt""}",13
1.8790202140808105,2.0814822397228414,0.020760297775268555,0.003932101980926437,0.7,63,50,5,7,0.01,0.7,gbdt,"{'subsample': 0.7, 'num_leaves': 63, 'n_estimators': 50, 'min_child_samples': 5, 'max_depth': 7, 'learning_rate': 0.01, 'colsample_bytree': 0.7, 'boosting_type': 'gbdt'}",0.8888888888888888,0.8888888888888888,0.6666666666666666,0.6666666666666666,0.7777777777777777,0.1111111111111111,29,"{""subsample"": 0.7, ""num_leaves"": 63, ""n_estimators"": 50, ""min_child_samples"": 5, ""max_depth"": 7, ""learning_rate"": 0.01, ""colsample_bytree"": 0.7, ""boosting_type"": ""gbdt""}",13
0.900405764579773,0.653696331257991,0.018949568271636963,0.0059958887203134205,0.7,15,200,20,7,0.1,1.0,gbdt,"{'subsample': 0.7, 'num_leaves': 15, 'n_estimators': 200, 'min_child_samples': 20, 'max_depth': 7, 'learning_rate': 0.1, 'colsample_bytree': 1.0, 'boosting_type': 'gbdt'}",0.0,0.0,0.6,0.0,0.15,0.25980762113533157,39,"{""subsample"": 0.7, ""num_leaves"": 15, ""n_estimators"": 200, ""min_child_samples"": 20, ""max_depth"": 7, ""learning_rate"": 0.1, ""colsample_bytree"": 1.0, ""boosting_type"": ""gbdt""}",13
0.379250705242157,0.25573959436605004,0.02487558126449585,0.006176225400419243,0.9,31,50,20,3,0.1,0.9,gbdt,"{'subsample': 0.9, 'num_leaves': 31, 'n_estimators': 50, 'min_child_samples': 20, 'max_depth': 3, 'learning_rate': 0.1, 'colsample_bytree': 0.9, 'boosting_type': 'gbdt'}",0.0,0.0,0.6,0.0,0.15,0.25980762113533157,39,"{""subsample"": 0.9, ""num_leaves"": 31, ""n_estimators"": 50, ""min_child_samples"": 20, ""max_depth"": 3, ""learning_rate"": 0.1, ""colsample_bytree"": 0.9, ""boosting_type"": ""gbdt""}",13
3.6607054471969604,2.4998895753121926,0.019351720809936523,0.005507547016233647,1.0,15,100,5,7,0.1,1.0,gbdt,"{'subsample': 1.0, 'num_leaves': 15, 'n_estimators': 100, 'min_child_samples': 5, 'max_depth': 7, 'learning_rate': 0.1, 'colsample_bytree': 1.0, 'boosting_type': 'gbdt'}",0.5714285714285714,0.8888888888888888,0.5,0.6666666666666666,0.6567460317460317,0.14648985683557317,38,"{""subsample"": 1.0, ""num_leaves"": 15, ""n_estimators"": 100, ""min_child_samples"": 5, ""max_depth"": 7, ""learning_rate"": 0.1, ""colsample_bytree"": 1.0, ""boosting_type"": ""gbdt""}",13
0.38963621854782104,0.386947397054046,0.030366182327270508,0.004985072305526812,1.0,31,50,20,5,0.05,0.7,gbdt,"{'subsample': 1.0, 'num_leaves': 31, 'n_estimators': 50, 'min_child_samples': 20, 'max_depth': 5, 'learning_rate': 0.05, 'colsample_bytree': 0.7, 'boosting_type': 'gbdt'}",0.0,0.0,0.6,0.0,0.15,0.25980762113533157,39,"{""subsample"": 1.0, ""num_leaves"": 31, ""n_estimators"": 50, ""min_child_samples"": 20, ""max_depth"": 5, ""learning_rate"": 0.05, ""colsample_bytree"": 0.7, ""boosting_type"": ""gbdt""}",13
3.2158320546150208,4.773354611452051,0.021140992641448975,0.007322765605599216,1.0,31,50,5,5,0.1,1.0,gbdt,"{'subsample': 1.0, 'num_leaves': 31, 'n_estimators': 50, 'min_child_samples': 5, 'max_depth': 5, 'learning_rate': 0.1, 'colsample_bytree': 1.0, 'boosting_type': 'gbdt'}",0.8571428571428571,0.8888888888888888,0.6666666666666666,0.6666666666666666,0.7698412698412698,0.10378330817953985,34,"{""subsample"": 1.0, ""num_leaves"": 31, ""n_estimators"": 50, ""min_child_samples"": 5, ""max_depth"": 5, ""learning_rate"": 0.1, ""colsample_bytree"": 1.0, ""boosting_type"": ""gbdt""}",13
1.1800979971885681,0.43977023452272906,0.020346760749816895,0.006826277579661855,1.0,15,100,5,3,0.05,0.7,gbdt,"{'subsample': 1.0, 'num_leaves': 15, 'n_estimators': 100, 'min_child_samples': 5, 'max_depth': 3, 'learning_rate': 0.05, 'colsample_bytree': 0.7, 'boosting_type': 'gbdt'}",1.0,0.8888888888888888,0.8571428571428571,0.6666666666666666,0.8531746031746031,0.1200355830337633,1,"{""subsample"": 1.0, ""num_leaves"": 15, ""n_estimators"": 100, ""min_child_samples"": 5, ""max_depth"": 3, ""learning_rate"": 0.05, ""colsample_bytree"": 0.7, ""boosting_type"": ""gbdt""}",13
0.865962028503418,0.8303454756188642,0.024189889430999756,0.007071371837397002,0.9,31,100,20,7,0.1,0.9,gbdt,"{'subsample': 0.9, 'num_leaves': 31, 'n_estimators': 100, 'min_child_samples': 20, 'max_depth': 7, 'learning_rate': 0.1, 'colsample_bytree': 0.9, 'boosting_type': 'gbdt'}",0.0,0.0,0.6,0.0,0.15,0.25980762113533157,39,"{""subsample"": 0.9, ""num_leaves"": 31, ""n_estimators"": 100, ""min_child_samples"": 20, ""max_depth"": 7, ""learning_rate"": 0.1, ""colsample_bytree"": 0.9, ""boosting_type"": ""gbdt""}",13
1.2899765372276306,0.5986478781523983,0.02364414930343628,0.005521531609732323,0.7,15,50,5,3,0.1,0.7,gbdt,"{'subsample': 0.7, 'num_leaves': 15, 'n_estimators': 50, 'min_child_samples': 5, 'max_depth': 3, 'learning_rate': 0.1, 'colsample_bytree': 0.7, 'boosting_type': 'gbdt'}",1.0,0.8888888888888888,0.6666666666666666,0.6666666666666666,0.8055555555555555,0.14433756729740646,6,"{""subsample"": 0.7, ""num_leaves"": 15, ""n_estimators"": 50, ""min_child_samples"": 5, ""max_depth"": 3, ""learning_rate"": 0.1, ""colsample_bytree"": 0.7, ""boosting_type"": ""gbdt""}",13
2.4603920578956604,3.061415635901943,0.020190715789794922,0.002181911389567935,0.7,63,100,5,5,0.01,0.7,gbdt,"{'subsample': 0.7, 'num_leaves': 63, 'n_estimators': 100, 'min_child_samples': 5, 'max_depth': 5, 'learning_rate': 0.01, 'colsample_bytree': 0.7, 'boosting_type': 'gbdt'}",1.0,0.8888888888888888,0.6666666666666666,0.6666666666666666,0.8055555555555555,0.14433756729740646,6,"{""subsample"": 0.7, ""num_leaves"": 63, ""n_estimators"": 100, ""min_child_samples"": 5, ""max_depth"": 5, ""learning_rate"": 0.01, ""colsample_bytree"": 0.7, ""boosting_type"": ""gbdt""}",13
0.6323943734169006,0.5270557905712238,0.0226021409034729,0.004980656631811947,0.7,31,50,5,5,0.1,0.9,gbdt,"{'subsample': 0.7, 'num_leaves': 31, 'n_estimators': 50, 'min_child_samples': 5, 'max_depth': 5, 'learning_rate': 0.1, 'colsample_bytree': 0.9, 'boosting_type': 'gbdt'}",1.0,0.8888888888888888,0.6666666666666666,0.6666666666666666,0.8055555555555555,0.14433756729740646,6,"{""subsample"": 0.7, ""num_leaves"": 31, ""n_estimators"": 50, ""min_child_samples"": 5, ""max_depth"": 5, ""learning_rate"": 0.1, ""colsample_bytree"": 0.9, ""boosting_type"": ""gbdt""}",13
0.7118337750434875,0.40178931856750283,0.018078148365020752,0.004063531424798451,0.9,15,50,10,3,0.01,1.0,gbdt,"{'subsample': 0.9, 'num_leaves': 15, 'n_estimators': 50, 'min_child_samples': 10, 'max_depth': 3, 'learning_rate': 0.01, 'colsample_bytree': 1.0, 'boosting_type': 'gbdt'}",0.8888888888888888,0.8,0.8,0.6666666666666666,0.7888888888888889,0.07934920476158722,13,"{""subsample"": 0.9, ""num_leaves"": 15, ""n_estimators"": 50, ""min_child_samples"": 10, ""max_depth"": 3, ""learning_rate"": 0.01, ""colsample_bytree"": 1.0, ""boosting_type"": ""gbdt""}",13
0.5771200060844421,0.523372219772068,0.02067089080810547,0.005758369097181345,0.9,15,100,20,7,0.1,0.9,gbdt,"{'subsample': 0.9, 'num_leaves': 15, 'n_estimators': 100, 'min_child_samples': 20, 'max_depth': 7, 'learning_rate': 0.1, 'colsample_bytree': 0.9, 'boosting_type': 'gbdt'}",0.0,0.0,0.6,0.0,0.15,0.25980762113533157,39,"{""subsample"": 0.9, ""num_leaves"": 15, ""n_estimators"": 100, ""min_child_samples"": 20, ""max_depth"": 7, ""learning_rate"": 0.1, ""colsample_bytree"": 0.9, ""boosting_type"": ""gbdt""}",13
0.3849431872367859,0.13461188474534208,0.02124500274658203,0.0068509083218041425,0.7,31,50,5,7,0.05,0.7,gbdt,"{'subsample': 0.7, 'num_leaves': 31, 'n_estimators': 50, 'min_child_samples': 5, 'max_depth': 7, 'learning_rate': 0.05, 'colsample_bytree': 0.7, 'boosting_type': 'gbdt'}",1.0,0.8888888888888888,0.6666666666666666,0.6666666666666666,0.8055555555555555,0.14433756729740646,6,"{""subsample"": 0.7, ""num_leaves"": 31, ""n_estimators"": 50, ""min_child_samples"": 5, ""max_depth"": 7, ""learning_rate"": 0.05, ""colsample_bytree"": 0.7, ""boosting_type"": ""gbdt""}",13
4.2356515526771545,0.6821700100337831,0.022013723850250244,0.00627725021578481,1.0,63,200,5,7,0.01,0.7,gbdt,"{'subsample': 1.0, 'num_leaves': 63, 'n_estimators': 200, 'min_child_samples': 5, 'max_depth': 7, 'learning_rate': 0.01, 'colsample_bytree': 0.7, 'boosting_type': 'gbdt'}",1.0,0.8888888888888888,0.6666666666666666,0.6666666666666666,0.8055555555555555,0.14433756729740646,6,"{""subsample"": 1.0, ""num_leaves"": 63, ""n_estimators"": 200, ""min_child_samples"": 5, ""max_depth"": 7, ""learning_rate"": 0.01, ""colsample_bytree"": 0.7, ""boosting_type"": ""gbdt""}",13
0.31987589597702026,0.23658344149810848,0.01986473798751831,0.004409660304161165,0.7,31,100,20,3,0.1,0.7,gbdt,"{'subsample': 0.7, 'num_leaves': 31, 'n_estimators': 100, 'min_child_samples': 20, 'max_depth': 3, 'learning_rate': 0.1, 'colsample_bytree': 0.7, 'boosting_type': 'gbdt'}",0.0,0.0,0.6,0.0,0.15,0.25980762113533157,39,"{""subsample"": 0.7, ""num_leaves"": 31, ""n_estimators"": 100, ""min_child_samples"": 20, ""max_depth"": 3, ""learning_rate"": 0.1, ""colsample_bytree"": 0.7, ""boosting_type"": ""gbdt""}",13
5.162072539329529,2.966923750858902,0.022809207439422607,0.004516278653790483,0.9,31,200,5,7,0.05,1.0,gbdt,"{'subsample': 0.9, 'num_leaves': 31, 'n_estimators': 200, 'min_child_samples': 5, 'max_depth': 7, 'learning_rate': 0.05, 'colsample_bytree': 1.0, 'boosting_type': 'gbdt'}",0.5714285714285714,0.8888888888888888,0.5714285714285714,0.6666666666666666,0.6746031746031745,0.1296836082410174,36,"{""subsample"": 0.9, ""num_leaves"": 31, ""n_estimators"": 200, ""min_child_samples"": 5, ""max_depth"": 7, ""learning_rate"": 0.05, ""colsample_bytree"": 1.0, ""boosting_type"": ""gbdt""}",13
1.6042170524597168,1.2434972580558123,0.0242120623588562,0.004189817990427588,0.7,15,200,20,3,0.1,0.9,gbdt,"{'subsample': 0.7, 'num_leaves': 15, 'n_estimators': 200, 'min_child_samples': 20, 'max_depth': 3, 'learning_rate': 0.1, 'colsample_bytree': 0.9, 'boosting_type': 'gbdt'}",0.0,0.0,0.6,0.0,0.15,0.25980762113533157,39,"{""subsample"": 0.7, ""num_leaves"": 15, ""n_estimators"": 200, ""min_child_samples"": 20, ""max_depth"": 3, ""learning_rate"": 0.1, ""colsample_bytree"": 0.9, ""boosting_type"": ""gbdt""}",13
1.7568079829216003,0.5745452939233274,0.01656508445739746,0.005613212020933291,1.0,31,200,10,7,0.01,0.9,gbdt,"{'subsample': 1.0, 'num_leaves': 31, 'n_estimators': 200, 'min_child_samples': 10, 'max_depth': 7, 'learning_rate': 0.01, 'colsample_bytree': 0.9, 'boosting_type': 'gbdt'}",0.8888888888888888,0.8,0.8,0.6666666666666666,0.7888888888888889,0.07934920476158722,13,"{""subsample"": 1.0, ""num_leaves"": 31, ""n_estimators"": 200, ""min_child_samples"": 10, ""max_depth"": 7, ""learning_rate"": 0.01, ""colsample_bytree"": 0.9, ""boosting_type"": ""gbdt""}",13
0.5554725527763367,0.3840699429710793,0.019257009029388428,0.0031838259242683146,1.0,63,50,5,3,0.05,1.0,gbdt,"{'subsample': 1.0, 'num_leaves': 63, 'n_estimators': 50, 'min_child_samples': 5, 'max_depth': 3, 'learning_rate': 0.05, 'colsample_bytree': 1.0, 'boosting_type': 'gbdt'}",0.8888888888888888,0.8888888888888888,0.6666666666666666,0.6666666666666666,0.7777777777777777,0.1111111111111111,29,"{""subsample"": 1.0, ""num_leaves"": 63, ""n_estimators"": 50, ""min_child_samples"": 5, ""max_depth"": 3, ""learning_rate"": 0.05, ""colsample_bytree"": 1.0, ""boosting_type"": ""gbdt""}",13
1.3305411338806152,1.1364032092898846,0.02374589443206787,0.003519812850060817,1.0,63,100,10,7,0.1,0.9,gbdt,"{'subsample': 1.0, 'num_leaves': 63, 'n_estimators': 100, 'min_child_samples': 10, 'max_depth': 7, 'learning_rate': 0.1, 'colsample_bytree': 0.9, 'boosting_type': 'gbdt'}",1.0,0.8,0.6666666666666666,0.6666666666666666,0.7833333333333333,0.1364225461978742,24,"{""subsample"": 1.0, ""num_leaves"": 63, ""n_estimators"": 100, ""min_child_samples"": 10, ""max_depth"": 7, ""learning_rate"": 0.1, ""colsample_bytree"": 0.9, ""boosting_type"": ""gbdt""}",13
1.8938882946968079,0.15162304986003536,0.01861286163330078,0.007345607751675767,0.7,31,100,20,7,0.05,0.7,gbdt,"{'subsample': 0.7, 'num_leaves': 31, 'n_estimators': 100, 'min_child_samples': 20, 'max_depth': 7, 'learning_rate': 0.05, 'colsample_bytree': 0.7, 'boosting_type': 'gbdt'}",0.0,0.0,0.6,0.0,0.15,0.25980762113533157,39,"{""subsample"": 0.7, ""num_leaves"": 31, ""n_estimators"": 100, ""min_child_samples"": 20, ""max_depth"": 7, ""learning_rate"": 0.05, ""colsample_bytree"": 0.7, ""boosting_type"": ""gbdt""}",13
1.4897034168243408,0.12958618592038068,0.018544673919677734,0.004945693322425789,0.7,15,200,10,3,0.01,1.0,gbdt,"{'subsample': 0.7, 'num_leaves': 15, 'n_estimators': 200, 'min_child_samples': 10, 'max_depth': 3, 'learning_rate': 0.01, 'colsample_bytree': 1.0, 'boosting_type': 'gbdt'}",0.8888888888888888,0.8,0.8,0.6666666666666666,0.7888888888888889,0.07934920476158722,13,"{""subsample"": 0.7, ""num_leaves"": 15, ""n_estimators"": 200, ""min_child_samples"": 10, ""max_depth"": 3, ""learning_rate"": 0.01, ""colsample_bytree"": 1.0, ""boosting_type"": ""gbdt""}",13
1.144877552986145,0.251899873432357,0.01853078603744507,0.005083951781452755,0.9,63,100,10,3,0.01,0.9,gbdt,"{'subsample': 0.9, 'num_leaves': 63, 'n_estimators': 100, 'min_child_samples': 10, 'max_depth': 3, 'learning_rate': 0.01, 'colsample_bytree': 0.9, 'boosting_type': 'gbdt'}",0.8888888888888888,0.8,0.8,0.6666666666666666,0.7888888888888889,0.07934920476158722,13,"{""subsample"": 0.9, ""num_leaves"": 63, ""n_estimators"": 100, ""min_child_samples"": 10, ""max_depth"": 3, ""learning_rate"": 0.01, ""colsample_bytree"": 0.9, ""boosting_type"": ""gbdt""}",13
0.9078091382980347,0.6014174279879619,0.009650349617004395,0.005128889335200095,0.9,15,200,20,3,0.01,0.7,gbdt,"{'subsample': 0.9, 'num_leaves': 15, 'n_estimators': 200, 'min_child_samples': 20, 'max_depth': 3, 'learning_rate': 0.01, 'colsample_bytree': 0.7, 'boosting_type': 'gbdt'}",0.0,0.0,0.6,0.0,0.15,0.25980762113533157,39,"{""subsample"": 0.9, ""num_leaves"": 15, ""n_estimators"": 200, ""min_child_samples"": 20, ""max_depth"": 3, ""learning_rate"": 0.01, ""colsample_bytree"": 0.7, ""boosting_type"": ""gbdt""}",13
