mean_fit_time,std_fit_time,mean_score_time,std_score_time,param_n_estimators,param_min_samples_split,param_min_samples_leaf,param_max_features,param_max_depth,param_bootstrap,params,split0_test_score,split1_test_score,split2_test_score,split3_test_score,split4_test_score,split5_test_score,split6_test_score,split7_test_score,split8_test_score,split9_test_score,mean_test_score,std_test_score,rank_test_score,params_str,fold
0.2961830377578735,0.007142076149789846,0.022270584106445314,0.0003603602172146126,100,5,4,0.3,4,True,"{'n_estimators': 100, 'min_samples_split': 5, 'min_samples_leaf': 4, 'max_features': 0.3, 'max_depth': 4, 'bootstrap': True}",1.0,0.75,1.0,1.0,1.0,0.5,1.0,0.5,0.5,1.0,0.825,0.225,2,"{""n_estimators"": 100, ""min_samples_split"": 5, ""min_samples_leaf"": 4, ""max_features"": 0.3, ""max_depth"": 4, ""bootstrap"": true}",56
0.23152468204498292,0.024968450801490835,0.01932682991027832,0.0005619977258028587,75,4,2,sqrt,4,True,"{'n_estimators': 75, 'min_samples_split': 4, 'min_samples_leaf': 2, 'max_features': 'sqrt', 'max_depth': 4, 'bootstrap': True}",1.0,1.0,1.0,1.0,0.75,0.5,1.0,0.5,0.5,1.0,0.825,0.225,2,"{""n_estimators"": 75, ""min_samples_split"": 4, ""min_samples_leaf"": 2, ""max_features"": ""sqrt"", ""max_depth"": 4, ""bootstrap"": true}",56
0.29150683879852296,0.013764473013638954,0.023397231101989747,0.0017695663862574873,100,5,4,sqrt,4,True,"{'n_estimators': 100, 'min_samples_split': 5, 'min_samples_leaf': 4, 'max_features': 'sqrt', 'max_depth': 4, 'bootstrap': True}",1.0,0.75,1.0,1.0,0.75,0.75,1.0,0.5,0.5,1.0,0.825,0.19525624189766635,2,"{""n_estimators"": 100, ""min_samples_split"": 5, ""min_samples_leaf"": 4, ""max_features"": ""sqrt"", ""max_depth"": 4, ""bootstrap"": true}",56
0.22788894176483154,0.011287453686221463,0.019145441055297852,0.0005850452927807862,75,4,2,sqrt,3,True,"{'n_estimators': 75, 'min_samples_split': 4, 'min_samples_leaf': 2, 'max_features': 'sqrt', 'max_depth': 3, 'bootstrap': True}",1.0,1.0,1.0,1.0,0.75,0.5,1.0,0.5,0.5,1.0,0.825,0.225,2,"{""n_estimators"": 75, ""min_samples_split"": 4, ""min_samples_leaf"": 2, ""max_features"": ""sqrt"", ""max_depth"": 3, ""bootstrap"": true}",56
0.2237098455429077,0.007195465335982779,0.019029974937438965,0.0003733652190647288,75,5,3,0.3,3,True,"{'n_estimators': 75, 'min_samples_split': 5, 'min_samples_leaf': 3, 'max_features': 0.3, 'max_depth': 3, 'bootstrap': True}",1.0,0.75,1.0,1.0,1.0,0.5,1.0,0.5,0.5,1.0,0.825,0.225,2,"{""n_estimators"": 75, ""min_samples_split"": 5, ""min_samples_leaf"": 3, ""max_features"": 0.3, ""max_depth"": 3, ""bootstrap"": true}",56
0.31107420921325685,0.005486150091609975,0.02440340518951416,0.0012866386734391698,100,4,2,0.3,2,True,"{'n_estimators': 100, 'min_samples_split': 4, 'min_samples_leaf': 2, 'max_features': 0.3, 'max_depth': 2, 'bootstrap': True}",1.0,0.75,1.0,1.0,1.0,0.5,1.0,0.5,0.5,1.0,0.825,0.225,2,"{""n_estimators"": 100, ""min_samples_split"": 4, ""min_samples_leaf"": 2, ""max_features"": 0.3, ""max_depth"": 2, ""bootstrap"": true}",56
0.3053402900695801,0.004211636553170717,0.023242688179016112,0.0003366000128116828,100,4,4,0.3,3,True,"{'n_estimators': 100, 'min_samples_split': 4, 'min_samples_leaf': 4, 'max_features': 0.3, 'max_depth': 3, 'bootstrap': True}",1.0,0.75,1.0,1.0,1.0,0.5,1.0,0.5,0.5,1.0,0.825,0.225,2,"{""n_estimators"": 100, ""min_samples_split"": 4, ""min_samples_leaf"": 4, ""max_features"": 0.3, ""max_depth"": 3, ""bootstrap"": true}",56
0.1523439884185791,0.0019444772360892077,0.01523900032043457,0.0003600164280556281,50,6,4,0.3,2,True,"{'n_estimators': 50, 'min_samples_split': 6, 'min_samples_leaf': 4, 'max_features': 0.3, 'max_depth': 2, 'bootstrap': True}",1.0,0.75,1.0,1.0,0.75,0.5,1.0,0.5,0.5,1.0,0.8,0.21794494717703367,24,"{""n_estimators"": 50, ""min_samples_split"": 6, ""min_samples_leaf"": 4, ""max_features"": 0.3, ""max_depth"": 2, ""bootstrap"": true}",56
0.22823777198791503,0.00460975088719246,0.019266486167907715,0.0009141513189977282,75,4,4,0.3,3,True,"{'n_estimators': 75, 'min_samples_split': 4, 'min_samples_leaf': 4, 'max_features': 0.3, 'max_depth': 3, 'bootstrap': True}",1.0,0.75,1.0,1.0,1.0,0.5,1.0,0.5,0.5,1.0,0.825,0.225,2,"{""n_estimators"": 75, ""min_samples_split"": 4, ""min_samples_leaf"": 4, ""max_features"": 0.3, ""max_depth"": 3, ""bootstrap"": true}",56
0.15566773414611818,0.0012609213925875618,0.015375971794128418,0.00018987833614511574,50,4,3,0.3,4,True,"{'n_estimators': 50, 'min_samples_split': 4, 'min_samples_leaf': 3, 'max_features': 0.3, 'max_depth': 4, 'bootstrap': True}",1.0,0.5,1.0,1.0,0.75,0.5,1.0,0.5,0.5,1.0,0.775,0.2358495283014151,61,"{""n_estimators"": 50, ""min_samples_split"": 4, ""min_samples_leaf"": 3, ""max_features"": 0.3, ""max_depth"": 4, ""bootstrap"": true}",56
0.22217586040496826,0.006686322482084837,0.019075798988342284,0.0006672485883618797,75,4,4,sqrt,2,True,"{'n_estimators': 75, 'min_samples_split': 4, 'min_samples_leaf': 4, 'max_features': 'sqrt', 'max_depth': 2, 'bootstrap': True}",1.0,0.75,1.0,1.0,0.75,0.75,1.0,0.5,0.5,1.0,0.825,0.19525624189766635,2,"{""n_estimators"": 75, ""min_samples_split"": 4, ""min_samples_leaf"": 4, ""max_features"": ""sqrt"", ""max_depth"": 2, ""bootstrap"": true}",56
0.15683257579803467,0.004036396048535413,0.01501772403717041,0.0004299926691449982,50,5,2,0.3,3,True,"{'n_estimators': 50, 'min_samples_split': 5, 'min_samples_leaf': 2, 'max_features': 0.3, 'max_depth': 3, 'bootstrap': True}",1.0,0.75,1.0,1.0,0.75,0.5,1.0,0.5,0.5,1.0,0.8,0.21794494717703367,24,"{""n_estimators"": 50, ""min_samples_split"": 5, ""min_samples_leaf"": 2, ""max_features"": 0.3, ""max_depth"": 3, ""bootstrap"": true}",56
0.14857723712921142,0.0044895766663179,0.015473556518554688,0.0002926679646676813,50,6,3,sqrt,2,True,"{'n_estimators': 50, 'min_samples_split': 6, 'min_samples_leaf': 3, 'max_features': 'sqrt', 'max_depth': 2, 'bootstrap': True}",1.0,0.75,1.0,1.0,0.75,0.5,1.0,0.5,0.5,1.0,0.8,0.21794494717703367,24,"{""n_estimators"": 50, ""min_samples_split"": 6, ""min_samples_leaf"": 3, ""max_features"": ""sqrt"", ""max_depth"": 2, ""bootstrap"": true}",56
0.1514960289001465,0.001956388195838922,0.015160155296325684,0.0004193937734948547,50,5,3,sqrt,3,True,"{'n_estimators': 50, 'min_samples_split': 5, 'min_samples_leaf': 3, 'max_features': 'sqrt', 'max_depth': 3, 'bootstrap': True}",1.0,0.75,1.0,1.0,0.75,0.5,1.0,0.5,0.5,1.0,0.8,0.21794494717703367,24,"{""n_estimators"": 50, ""min_samples_split"": 5, ""min_samples_leaf"": 3, ""max_features"": ""sqrt"", ""max_depth"": 3, ""bootstrap"": true}",56
0.14955525398254393,0.004356344480883912,0.015433263778686524,0.0002735760225947862,50,6,4,sqrt,2,True,"{'n_estimators': 50, 'min_samples_split': 6, 'min_samples_leaf': 4, 'max_features': 'sqrt', 'max_depth': 2, 'bootstrap': True}",1.0,0.75,1.0,1.0,0.75,0.5,1.0,0.5,0.5,1.0,0.8,0.21794494717703367,24,"{""n_estimators"": 50, ""min_samples_split"": 6, ""min_samples_leaf"": 4, ""max_features"": ""sqrt"", ""max_depth"": 2, ""bootstrap"": true}",56
0.15588746070861817,0.004648796573584139,0.01526181697845459,0.0008093508738951857,50,5,2,0.3,2,True,"{'n_estimators': 50, 'min_samples_split': 5, 'min_samples_leaf': 2, 'max_features': 0.3, 'max_depth': 2, 'bootstrap': True}",1.0,0.75,1.0,1.0,1.0,0.5,1.0,0.5,0.5,1.0,0.825,0.225,2,"{""n_estimators"": 50, ""min_samples_split"": 5, ""min_samples_leaf"": 2, ""max_features"": 0.3, ""max_depth"": 2, ""bootstrap"": true}",56
0.3136357069015503,0.015364339516486521,0.023029041290283204,0.0009216232792415483,100,6,2,0.3,4,True,"{'n_estimators': 100, 'min_samples_split': 6, 'min_samples_leaf': 2, 'max_features': 0.3, 'max_depth': 4, 'bootstrap': True}",1.0,0.75,1.0,1.0,0.75,0.5,1.0,0.5,0.5,1.0,0.8,0.21794494717703367,24,"{""n_estimators"": 100, ""min_samples_split"": 6, ""min_samples_leaf"": 2, ""max_features"": 0.3, ""max_depth"": 4, ""bootstrap"": true}",56
0.30261342525482177,0.00717874354194157,0.02326676845550537,0.0007491607959935462,100,5,4,0.3,3,True,"{'n_estimators': 100, 'min_samples_split': 5, 'min_samples_leaf': 4, 'max_features': 0.3, 'max_depth': 3, 'bootstrap': True}",1.0,0.75,1.0,1.0,1.0,0.5,1.0,0.5,0.5,1.0,0.825,0.225,2,"{""n_estimators"": 100, ""min_samples_split"": 5, ""min_samples_leaf"": 4, ""max_features"": 0.3, ""max_depth"": 3, ""bootstrap"": true}",56
0.3169200658798218,0.01176367349288135,0.02275207042694092,0.0010415720263210872,100,6,3,0.3,3,True,"{'n_estimators': 100, 'min_samples_split': 6, 'min_samples_leaf': 3, 'max_features': 0.3, 'max_depth': 3, 'bootstrap': True}",1.0,0.75,1.0,1.0,0.75,0.5,1.0,0.5,0.5,1.0,0.8,0.21794494717703367,24,"{""n_estimators"": 100, ""min_samples_split"": 6, ""min_samples_leaf"": 3, ""max_features"": 0.3, ""max_depth"": 3, ""bootstrap"": true}",56
0.2244943857192993,0.006318060789434331,0.019504284858703612,0.00032187540338002416,75,6,3,sqrt,2,True,"{'n_estimators': 75, 'min_samples_split': 6, 'min_samples_leaf': 3, 'max_features': 'sqrt', 'max_depth': 2, 'bootstrap': True}",1.0,0.75,1.0,1.0,0.75,0.5,1.0,0.5,0.5,1.0,0.8,0.21794494717703367,24,"{""n_estimators"": 75, ""min_samples_split"": 6, ""min_samples_leaf"": 3, ""max_features"": ""sqrt"", ""max_depth"": 2, ""bootstrap"": true}",56
0.15045599937438964,0.002662034188639877,0.015363001823425293,0.00032992704544499097,50,5,4,sqrt,3,True,"{'n_estimators': 50, 'min_samples_split': 5, 'min_samples_leaf': 4, 'max_features': 'sqrt', 'max_depth': 3, 'bootstrap': True}",1.0,0.75,1.0,1.0,0.75,0.5,1.0,0.5,0.5,1.0,0.8,0.21794494717703367,24,"{""n_estimators"": 50, ""min_samples_split"": 5, ""min_samples_leaf"": 4, ""max_features"": ""sqrt"", ""max_depth"": 3, ""bootstrap"": true}",56
0.15035228729248046,0.0028752474271402074,0.015213441848754884,0.0005289864619134889,50,4,4,sqrt,2,True,"{'n_estimators': 50, 'min_samples_split': 4, 'min_samples_leaf': 4, 'max_features': 'sqrt', 'max_depth': 2, 'bootstrap': True}",1.0,0.75,1.0,1.0,0.75,0.5,1.0,0.5,0.5,1.0,0.8,0.21794494717703367,24,"{""n_estimators"": 50, ""min_samples_split"": 4, ""min_samples_leaf"": 4, ""max_features"": ""sqrt"", ""max_depth"": 2, ""bootstrap"": true}",56
0.1576662540435791,0.005927724337581902,0.015455031394958496,0.00018974519662674807,50,5,3,sqrt,2,True,"{'n_estimators': 50, 'min_samples_split': 5, 'min_samples_leaf': 3, 'max_features': 'sqrt', 'max_depth': 2, 'bootstrap': True}",1.0,0.75,1.0,1.0,0.75,0.5,1.0,0.5,0.5,1.0,0.8,0.21794494717703367,24,"{""n_estimators"": 50, ""min_samples_split"": 5, ""min_samples_leaf"": 3, ""max_features"": ""sqrt"", ""max_depth"": 2, ""bootstrap"": true}",56
0.15152440071105958,0.0025751025219551233,0.015180492401123047,0.00066126100343132,50,4,3,sqrt,2,True,"{'n_estimators': 50, 'min_samples_split': 4, 'min_samples_leaf': 3, 'max_features': 'sqrt', 'max_depth': 2, 'bootstrap': True}",1.0,0.75,1.0,1.0,0.75,0.5,1.0,0.5,0.5,1.0,0.8,0.21794494717703367,24,"{""n_estimators"": 50, ""min_samples_split"": 4, ""min_samples_leaf"": 3, ""max_features"": ""sqrt"", ""max_depth"": 2, ""bootstrap"": true}",56
0.23066105842590331,0.002207619761716084,0.019104814529418944,0.00046009963034859526,75,5,2,0.3,2,True,"{'n_estimators': 75, 'min_samples_split': 5, 'min_samples_leaf': 2, 'max_features': 0.3, 'max_depth': 2, 'bootstrap': True}",1.0,0.75,1.0,1.0,1.0,0.5,1.0,0.5,0.5,1.0,0.825,0.225,2,"{""n_estimators"": 75, ""min_samples_split"": 5, ""min_samples_leaf"": 2, ""max_features"": 0.3, ""max_depth"": 2, ""bootstrap"": true}",56
0.15389714241027833,0.003404786619616693,0.01513047218322754,0.00023776218657331366,50,4,4,0.3,4,True,"{'n_estimators': 50, 'min_samples_split': 4, 'min_samples_leaf': 4, 'max_features': 0.3, 'max_depth': 4, 'bootstrap': True}",1.0,0.75,1.0,1.0,0.75,0.5,1.0,0.5,0.5,1.0,0.8,0.21794494717703367,24,"{""n_estimators"": 50, ""min_samples_split"": 4, ""min_samples_leaf"": 4, ""max_features"": 0.3, ""max_depth"": 4, ""bootstrap"": true}",56
0.22737114429473876,0.0036351992730468082,0.01921408176422119,0.00040953806972895886,75,6,3,0.3,3,True,"{'n_estimators': 75, 'min_samples_split': 6, 'min_samples_leaf': 3, 'max_features': 0.3, 'max_depth': 3, 'bootstrap': True}",1.0,0.75,1.0,1.0,1.0,0.5,1.0,0.5,0.5,1.0,0.825,0.225,2,"{""n_estimators"": 75, ""min_samples_split"": 6, ""min_samples_leaf"": 3, ""max_features"": 0.3, ""max_depth"": 3, ""bootstrap"": true}",56
0.29964518547058105,0.003211973673019977,0.023038744926452637,0.0007016623238814733,100,4,2,sqrt,3,True,"{'n_estimators': 100, 'min_samples_split': 4, 'min_samples_leaf': 2, 'max_features': 'sqrt', 'max_depth': 3, 'bootstrap': True}",1.0,1.0,1.0,1.0,0.75,0.75,1.0,0.5,0.5,1.0,0.85,0.2,1,"{""n_estimators"": 100, ""min_samples_split"": 4, ""min_samples_leaf"": 2, ""max_features"": ""sqrt"", ""max_depth"": 3, ""bootstrap"": true}",56
0.22327828407287598,0.003609098173199792,0.019178104400634766,0.00047997324112458175,75,6,4,sqrt,4,True,"{'n_estimators': 75, 'min_samples_split': 6, 'min_samples_leaf': 4, 'max_features': 'sqrt', 'max_depth': 4, 'bootstrap': True}",1.0,0.75,1.0,1.0,0.75,0.5,1.0,0.5,0.5,1.0,0.8,0.21794494717703367,24,"{""n_estimators"": 75, ""min_samples_split"": 6, ""min_samples_leaf"": 4, ""max_features"": ""sqrt"", ""max_depth"": 4, ""bootstrap"": true}",56
0.15241553783416747,0.0025472496173381642,0.015306591987609863,0.00025816668444274873,50,6,4,0.3,3,True,"{'n_estimators': 50, 'min_samples_split': 6, 'min_samples_leaf': 4, 'max_features': 0.3, 'max_depth': 3, 'bootstrap': True}",1.0,0.75,1.0,1.0,0.75,0.5,1.0,0.5,0.5,1.0,0.8,0.21794494717703367,24,"{""n_estimators"": 50, ""min_samples_split"": 6, ""min_samples_leaf"": 4, ""max_features"": 0.3, ""max_depth"": 3, ""bootstrap"": true}",56
0.15618207454681396,0.002655555128299553,0.015126895904541016,0.0005507480819491677,50,5,2,0.3,4,True,"{'n_estimators': 50, 'min_samples_split': 5, 'min_samples_leaf': 2, 'max_features': 0.3, 'max_depth': 4, 'bootstrap': True}",1.0,0.75,1.0,1.0,0.75,0.5,1.0,0.5,0.5,1.0,0.8,0.21794494717703367,24,"{""n_estimators"": 50, ""min_samples_split"": 5, ""min_samples_leaf"": 2, ""max_features"": 0.3, ""max_depth"": 4, ""bootstrap"": true}",56
0.1500237464904785,0.002407849215043518,0.015401148796081543,0.00027760520832869213,50,6,4,sqrt,3,True,"{'n_estimators': 50, 'min_samples_split': 6, 'min_samples_leaf': 4, 'max_features': 'sqrt', 'max_depth': 3, 'bootstrap': True}",1.0,0.75,1.0,1.0,0.75,0.5,1.0,0.5,0.5,1.0,0.8,0.21794494717703367,24,"{""n_estimators"": 50, ""min_samples_split"": 6, ""min_samples_leaf"": 4, ""max_features"": ""sqrt"", ""max_depth"": 3, ""bootstrap"": true}",56
0.15569403171539306,0.00782054831924456,0.017506217956542967,0.005652723887891134,50,6,2,sqrt,3,True,"{'n_estimators': 50, 'min_samples_split': 6, 'min_samples_leaf': 2, 'max_features': 'sqrt', 'max_depth': 3, 'bootstrap': True}",1.0,0.75,1.0,1.0,0.75,0.5,1.0,0.5,0.5,1.0,0.8,0.21794494717703367,24,"{""n_estimators"": 50, ""min_samples_split"": 6, ""min_samples_leaf"": 2, ""max_features"": ""sqrt"", ""max_depth"": 3, ""bootstrap"": true}",56
0.2306225299835205,0.00887242533283552,0.01915712356567383,0.0004325948562848237,75,6,3,0.3,4,True,"{'n_estimators': 75, 'min_samples_split': 6, 'min_samples_leaf': 3, 'max_features': 0.3, 'max_depth': 4, 'bootstrap': True}",1.0,0.75,1.0,1.0,1.0,0.5,1.0,0.5,0.5,1.0,0.825,0.225,2,"{""n_estimators"": 75, ""min_samples_split"": 6, ""min_samples_leaf"": 3, ""max_features"": 0.3, ""max_depth"": 4, ""bootstrap"": true}",56
0.30291807651519775,0.02231638850067926,0.024446797370910645,0.0033152603782964185,100,4,2,sqrt,2,True,"{'n_estimators': 100, 'min_samples_split': 4, 'min_samples_leaf': 2, 'max_features': 'sqrt', 'max_depth': 2, 'bootstrap': True}",1.0,0.75,1.0,1.0,0.75,0.75,1.0,0.5,0.5,1.0,0.825,0.19525624189766635,2,"{""n_estimators"": 100, ""min_samples_split"": 4, ""min_samples_leaf"": 2, ""max_features"": ""sqrt"", ""max_depth"": 2, ""bootstrap"": true}",56
0.222702693939209,0.00310205225076966,0.01914505958557129,0.0004506251141225294,75,6,3,sqrt,4,True,"{'n_estimators': 75, 'min_samples_split': 6, 'min_samples_leaf': 3, 'max_features': 'sqrt', 'max_depth': 4, 'bootstrap': True}",1.0,0.75,1.0,1.0,0.75,0.5,1.0,0.5,0.5,1.0,0.8,0.21794494717703367,24,"{""n_estimators"": 75, ""min_samples_split"": 6, ""min_samples_leaf"": 3, ""max_features"": ""sqrt"", ""max_depth"": 4, ""bootstrap"": true}",56
0.1531315565109253,0.0019327200379316127,0.015179061889648437,0.0002634141471140534,50,4,4,0.3,2,True,"{'n_estimators': 50, 'min_samples_split': 4, 'min_samples_leaf': 4, 'max_features': 0.3, 'max_depth': 2, 'bootstrap': True}",1.0,0.75,1.0,1.0,0.75,0.5,1.0,0.5,0.5,1.0,0.8,0.21794494717703367,24,"{""n_estimators"": 50, ""min_samples_split"": 4, ""min_samples_leaf"": 4, ""max_features"": 0.3, ""max_depth"": 2, ""bootstrap"": true}",56
0.15368590354919434,0.0023710846294108367,0.01530904769897461,0.0002786069540803487,50,6,3,0.3,2,True,"{'n_estimators': 50, 'min_samples_split': 6, 'min_samples_leaf': 3, 'max_features': 0.3, 'max_depth': 2, 'bootstrap': True}",1.0,0.5,1.0,1.0,0.75,0.5,1.0,0.5,0.5,1.0,0.775,0.2358495283014151,61,"{""n_estimators"": 50, ""min_samples_split"": 6, ""min_samples_leaf"": 3, ""max_features"": 0.3, ""max_depth"": 2, ""bootstrap"": true}",56
0.15059640407562255,0.0028776695601679413,0.015131783485412598,0.0003528536662380349,50,6,3,sqrt,3,True,"{'n_estimators': 50, 'min_samples_split': 6, 'min_samples_leaf': 3, 'max_features': 'sqrt', 'max_depth': 3, 'bootstrap': True}",1.0,0.75,1.0,1.0,0.75,0.5,1.0,0.5,0.5,1.0,0.8,0.21794494717703367,24,"{""n_estimators"": 50, ""min_samples_split"": 6, ""min_samples_leaf"": 3, ""max_features"": ""sqrt"", ""max_depth"": 3, ""bootstrap"": true}",56
0.15456175804138184,0.002325623168678957,0.015439009666442871,0.00040514584195841253,50,4,3,0.3,3,True,"{'n_estimators': 50, 'min_samples_split': 4, 'min_samples_leaf': 3, 'max_features': 0.3, 'max_depth': 3, 'bootstrap': True}",1.0,0.5,1.0,1.0,0.75,0.5,1.0,0.5,0.5,1.0,0.775,0.2358495283014151,61,"{""n_estimators"": 50, ""min_samples_split"": 4, ""min_samples_leaf"": 3, ""max_features"": 0.3, ""max_depth"": 3, ""bootstrap"": true}",56
0.29527218341827394,0.004730604409164265,0.023096609115600585,0.0004971488158278577,100,6,4,sqrt,2,True,"{'n_estimators': 100, 'min_samples_split': 6, 'min_samples_leaf': 4, 'max_features': 'sqrt', 'max_depth': 2, 'bootstrap': True}",1.0,0.75,1.0,1.0,0.75,0.75,1.0,0.5,0.5,1.0,0.825,0.19525624189766635,2,"{""n_estimators"": 100, ""min_samples_split"": 6, ""min_samples_leaf"": 4, ""max_features"": ""sqrt"", ""max_depth"": 2, ""bootstrap"": true}",56
0.30401976108551027,0.0037560925712249384,0.02310032844543457,0.0005329453410678342,100,5,2,0.3,4,True,"{'n_estimators': 100, 'min_samples_split': 5, 'min_samples_leaf': 2, 'max_features': 0.3, 'max_depth': 4, 'bootstrap': True}",1.0,0.75,1.0,1.0,0.75,0.5,1.0,0.5,0.5,1.0,0.8,0.21794494717703367,24,"{""n_estimators"": 100, ""min_samples_split"": 5, ""min_samples_leaf"": 2, ""max_features"": 0.3, ""max_depth"": 4, ""bootstrap"": true}",56
0.22910122871398925,0.004337808506850289,0.01920170783996582,0.0006815283623621179,75,4,2,0.3,3,True,"{'n_estimators': 75, 'min_samples_split': 4, 'min_samples_leaf': 2, 'max_features': 0.3, 'max_depth': 3, 'bootstrap': True}",1.0,0.75,1.0,1.0,0.75,0.5,1.0,0.5,0.5,1.0,0.8,0.21794494717703367,24,"{""n_estimators"": 75, ""min_samples_split"": 4, ""min_samples_leaf"": 2, ""max_features"": 0.3, ""max_depth"": 3, ""bootstrap"": true}",56
0.15743868350982665,0.0017827205697499892,0.015685534477233885,0.0006861409301167214,50,6,3,0.3,3,True,"{'n_estimators': 50, 'min_samples_split': 6, 'min_samples_leaf': 3, 'max_features': 0.3, 'max_depth': 3, 'bootstrap': True}",1.0,0.5,1.0,1.0,0.75,0.5,1.0,0.5,0.5,1.0,0.775,0.2358495283014151,61,"{""n_estimators"": 50, ""min_samples_split"": 6, ""min_samples_leaf"": 3, ""max_features"": 0.3, ""max_depth"": 3, ""bootstrap"": true}",56
0.15105862617492677,0.0037258453822290884,0.015527009963989258,0.0004615270865932917,50,6,4,sqrt,4,True,"{'n_estimators': 50, 'min_samples_split': 6, 'min_samples_leaf': 4, 'max_features': 'sqrt', 'max_depth': 4, 'bootstrap': True}",1.0,0.75,1.0,1.0,0.75,0.5,1.0,0.5,0.5,1.0,0.8,0.21794494717703367,24,"{""n_estimators"": 50, ""min_samples_split"": 6, ""min_samples_leaf"": 4, ""max_features"": ""sqrt"", ""max_depth"": 4, ""bootstrap"": true}",56
0.15459661483764647,0.0015733716184116653,0.015228176116943359,0.00043018108353590456,50,4,3,0.3,2,True,"{'n_estimators': 50, 'min_samples_split': 4, 'min_samples_leaf': 3, 'max_features': 0.3, 'max_depth': 2, 'bootstrap': True}",1.0,0.5,1.0,1.0,0.75,0.5,1.0,0.5,0.5,1.0,0.775,0.2358495283014151,61,"{""n_estimators"": 50, ""min_samples_split"": 4, ""min_samples_leaf"": 3, ""max_features"": 0.3, ""max_depth"": 2, ""bootstrap"": true}",56
0.15385739803314208,0.003348963807578031,0.015199637413024903,0.00027968593695415885,50,4,2,0.3,3,True,"{'n_estimators': 50, 'min_samples_split': 4, 'min_samples_leaf': 2, 'max_features': 0.3, 'max_depth': 3, 'bootstrap': True}",1.0,0.5,1.0,1.0,0.75,0.75,1.0,0.5,0.5,1.0,0.8,0.21794494717703367,24,"{""n_estimators"": 50, ""min_samples_split"": 4, ""min_samples_leaf"": 2, ""max_features"": 0.3, ""max_depth"": 3, ""bootstrap"": true}",56
0.22223093509674072,0.004007014574300809,0.019684839248657226,0.0013891314864080868,75,5,4,sqrt,2,True,"{'n_estimators': 75, 'min_samples_split': 5, 'min_samples_leaf': 4, 'max_features': 'sqrt', 'max_depth': 2, 'bootstrap': True}",1.0,0.75,1.0,1.0,0.75,0.75,1.0,0.5,0.5,1.0,0.825,0.19525624189766635,2,"{""n_estimators"": 75, ""min_samples_split"": 5, ""min_samples_leaf"": 4, ""max_features"": ""sqrt"", ""max_depth"": 2, ""bootstrap"": true}",56
0.2305492639541626,0.003294549556460855,0.01955561637878418,0.0008329832121822669,75,4,3,0.3,4,True,"{'n_estimators': 75, 'min_samples_split': 4, 'min_samples_leaf': 3, 'max_features': 0.3, 'max_depth': 4, 'bootstrap': True}",1.0,0.75,1.0,1.0,1.0,0.5,1.0,0.5,0.5,1.0,0.825,0.225,2,"{""n_estimators"": 75, ""min_samples_split"": 4, ""min_samples_leaf"": 3, ""max_features"": 0.3, ""max_depth"": 4, ""bootstrap"": true}",56
0.22632524967193604,0.010770235722008043,0.020195579528808592,0.0026788444995572524,75,5,3,sqrt,3,True,"{'n_estimators': 75, 'min_samples_split': 5, 'min_samples_leaf': 3, 'max_features': 'sqrt', 'max_depth': 3, 'bootstrap': True}",1.0,0.75,1.0,1.0,0.75,0.5,1.0,0.5,0.5,1.0,0.8,0.21794494717703367,24,"{""n_estimators"": 75, ""min_samples_split"": 5, ""min_samples_leaf"": 3, ""max_features"": ""sqrt"", ""max_depth"": 3, ""bootstrap"": true}",56
0.22812678813934326,0.007180821793433431,0.01909449100494385,0.0006998937811594284,75,6,2,sqrt,4,True,"{'n_estimators': 75, 'min_samples_split': 6, 'min_samples_leaf': 2, 'max_features': 'sqrt', 'max_depth': 4, 'bootstrap': True}",1.0,1.0,1.0,1.0,0.75,0.5,1.0,0.5,0.5,1.0,0.825,0.225,2,"{""n_estimators"": 75, ""min_samples_split"": 6, ""min_samples_leaf"": 2, ""max_features"": ""sqrt"", ""max_depth"": 4, ""bootstrap"": true}",56
0.29726285934448243,0.0033381643936560624,0.023720860481262207,0.0012040996107850676,100,4,3,sqrt,2,True,"{'n_estimators': 100, 'min_samples_split': 4, 'min_samples_leaf': 3, 'max_features': 'sqrt', 'max_depth': 2, 'bootstrap': True}",1.0,0.75,1.0,1.0,0.75,0.5,1.0,0.5,0.5,1.0,0.8,0.21794494717703367,24,"{""n_estimators"": 100, ""min_samples_split"": 4, ""min_samples_leaf"": 3, ""max_features"": ""sqrt"", ""max_depth"": 2, ""bootstrap"": true}",56
0.29417755603790285,0.00879015248821549,0.023436856269836426,0.000296429474371719,100,4,3,sqrt,3,True,"{'n_estimators': 100, 'min_samples_split': 4, 'min_samples_leaf': 3, 'max_features': 'sqrt', 'max_depth': 3, 'bootstrap': True}",1.0,0.75,1.0,1.0,0.75,0.5,1.0,0.5,0.5,1.0,0.8,0.21794494717703367,24,"{""n_estimators"": 100, ""min_samples_split"": 4, ""min_samples_leaf"": 3, ""max_features"": ""sqrt"", ""max_depth"": 3, ""bootstrap"": true}",56
0.23059406280517578,0.0033873471964202075,0.019243335723876952,0.0004789568541263797,75,5,2,0.3,3,True,"{'n_estimators': 75, 'min_samples_split': 5, 'min_samples_leaf': 2, 'max_features': 0.3, 'max_depth': 3, 'bootstrap': True}",1.0,0.75,1.0,1.0,0.75,0.5,1.0,0.5,0.5,1.0,0.8,0.21794494717703367,24,"{""n_estimators"": 75, ""min_samples_split"": 5, ""min_samples_leaf"": 2, ""max_features"": 0.3, ""max_depth"": 3, ""bootstrap"": true}",56
0.15290839672088624,0.0023119814507107954,0.015349769592285156,0.000512335933296384,50,6,2,sqrt,2,True,"{'n_estimators': 50, 'min_samples_split': 6, 'min_samples_leaf': 2, 'max_features': 'sqrt', 'max_depth': 2, 'bootstrap': True}",1.0,0.75,1.0,1.0,0.75,0.5,1.0,0.5,0.5,1.0,0.8,0.21794494717703367,24,"{""n_estimators"": 50, ""min_samples_split"": 6, ""min_samples_leaf"": 2, ""max_features"": ""sqrt"", ""max_depth"": 2, ""bootstrap"": true}",56
0.15608787536621094,0.004777600191368102,0.015671730041503906,0.00046350522991206916,50,4,2,0.3,2,True,"{'n_estimators': 50, 'min_samples_split': 4, 'min_samples_leaf': 2, 'max_features': 0.3, 'max_depth': 2, 'bootstrap': True}",1.0,0.75,1.0,1.0,0.75,0.5,1.0,0.5,0.5,1.0,0.8,0.21794494717703367,24,"{""n_estimators"": 50, ""min_samples_split"": 4, ""min_samples_leaf"": 2, ""max_features"": 0.3, ""max_depth"": 2, ""bootstrap"": true}",56
0.22248218059539795,0.002042788042915791,0.019155550003051757,0.00037937551779803643,75,5,4,sqrt,3,True,"{'n_estimators': 75, 'min_samples_split': 5, 'min_samples_leaf': 4, 'max_features': 'sqrt', 'max_depth': 3, 'bootstrap': True}",1.0,0.75,1.0,1.0,0.75,0.5,1.0,0.5,0.5,1.0,0.8,0.21794494717703367,24,"{""n_estimators"": 75, ""min_samples_split"": 5, ""min_samples_leaf"": 4, ""max_features"": ""sqrt"", ""max_depth"": 3, ""bootstrap"": true}",56
0.15707828998565673,0.003546940030233575,0.015244269371032714,0.0002947332258845741,50,6,2,0.3,4,True,"{'n_estimators': 50, 'min_samples_split': 6, 'min_samples_leaf': 2, 'max_features': 0.3, 'max_depth': 4, 'bootstrap': True}",1.0,0.75,1.0,1.0,0.75,0.5,1.0,0.5,0.5,1.0,0.8,0.21794494717703367,24,"{""n_estimators"": 50, ""min_samples_split"": 6, ""min_samples_leaf"": 2, ""max_features"": 0.3, ""max_depth"": 4, ""bootstrap"": true}",56
0.22314109802246093,0.0025657535977047646,0.019006514549255372,0.0003989481593907222,75,4,4,sqrt,4,True,"{'n_estimators': 75, 'min_samples_split': 4, 'min_samples_leaf': 4, 'max_features': 'sqrt', 'max_depth': 4, 'bootstrap': True}",1.0,0.75,1.0,1.0,0.75,0.5,1.0,0.5,0.5,1.0,0.8,0.21794494717703367,24,"{""n_estimators"": 75, ""min_samples_split"": 4, ""min_samples_leaf"": 4, ""max_features"": ""sqrt"", ""max_depth"": 4, ""bootstrap"": true}",56
0.29809534549713135,0.003348664113240256,0.022882413864135743,0.00037026882475599114,100,5,3,0.3,2,True,"{'n_estimators': 100, 'min_samples_split': 5, 'min_samples_leaf': 3, 'max_features': 0.3, 'max_depth': 2, 'bootstrap': True}",1.0,0.75,1.0,1.0,1.0,0.5,1.0,0.5,0.5,1.0,0.825,0.225,2,"{""n_estimators"": 100, ""min_samples_split"": 5, ""min_samples_leaf"": 3, ""max_features"": 0.3, ""max_depth"": 2, ""bootstrap"": true}",56
0.22267191410064696,0.0028668220479564585,0.018888425827026368,0.0005406350260042228,75,5,2,sqrt,2,True,"{'n_estimators': 75, 'min_samples_split': 5, 'min_samples_leaf': 2, 'max_features': 'sqrt', 'max_depth': 2, 'bootstrap': True}",1.0,0.75,1.0,1.0,0.75,0.5,1.0,0.5,0.5,1.0,0.8,0.21794494717703367,24,"{""n_estimators"": 75, ""min_samples_split"": 5, ""min_samples_leaf"": 2, ""max_features"": ""sqrt"", ""max_depth"": 2, ""bootstrap"": true}",56
0.3016404628753662,0.004015881779490294,0.023218917846679687,0.0002779409884014762,100,4,2,0.3,4,True,"{'n_estimators': 100, 'min_samples_split': 4, 'min_samples_leaf': 2, 'max_features': 0.3, 'max_depth': 4, 'bootstrap': True}",1.0,0.75,1.0,1.0,0.75,0.5,1.0,0.5,0.5,1.0,0.8,0.21794494717703367,24,"{""n_estimators"": 100, ""min_samples_split"": 4, ""min_samples_leaf"": 2, ""max_features"": 0.3, ""max_depth"": 4, ""bootstrap"": true}",56
0.30041792392730715,0.002500657115789109,0.023216724395751953,0.0004567701764360404,100,5,2,0.3,2,True,"{'n_estimators': 100, 'min_samples_split': 5, 'min_samples_leaf': 2, 'max_features': 0.3, 'max_depth': 2, 'bootstrap': True}",1.0,0.75,1.0,1.0,1.0,0.5,1.0,0.5,0.5,1.0,0.825,0.225,2,"{""n_estimators"": 100, ""min_samples_split"": 5, ""min_samples_leaf"": 2, ""max_features"": 0.3, ""max_depth"": 2, ""bootstrap"": true}",56
0.29739933013916015,0.0030704240162348875,0.02308034896850586,0.0005165101990565597,100,4,4,sqrt,4,True,"{'n_estimators': 100, 'min_samples_split': 4, 'min_samples_leaf': 4, 'max_features': 'sqrt', 'max_depth': 4, 'bootstrap': True}",1.0,0.75,1.0,1.0,0.75,0.75,1.0,0.5,0.5,1.0,0.825,0.19525624189766635,2,"{""n_estimators"": 100, ""min_samples_split"": 4, ""min_samples_leaf"": 4, ""max_features"": ""sqrt"", ""max_depth"": 4, ""bootstrap"": true}",56
0.13832635879516603,0.020269498481938025,0.012125539779663085,0.0032241439195073557,50,4,2,sqrt,4,True,"{'n_estimators': 50, 'min_samples_split': 4, 'min_samples_leaf': 2, 'max_features': 'sqrt', 'max_depth': 4, 'bootstrap': True}",1.0,0.75,1.0,1.0,0.75,0.5,1.0,0.5,0.5,1.0,0.8,0.21794494717703367,24,"{""n_estimators"": 50, ""min_samples_split"": 4, ""min_samples_leaf"": 2, ""max_features"": ""sqrt"", ""max_depth"": 4, ""bootstrap"": true}",56
