{'0': {'precision': 1.0, 'recall': 1.0, 'f1-score': 1.0, 'support': 2.0}, '1': {'precision': 1.0, 'recall': 1.0, 'f1-score': 1.0, 'support': 2.0}, 'accuracy': 1.0, 'macro avg': {'precision': 1.0, 'recall': 1.0, 'f1-score': 1.0, 'support': 4.0}, 'weighted avg': {'precision': 1.0, 'recall': 1.0, 'f1-score': 1.0, 'support': 4.0}, 'mean_auc': {'roc_auc': 1.0}}[[2 0]
 [0 2]]{'0': {'precision': 1.0, 'recall': 0.5, 'f1-score': 0.6666666666666666, 'support': 2.0}, '1': {'precision': 0.6666666666666666, 'recall': 1.0, 'f1-score': 0.8, 'support': 2.0}, 'accuracy': 0.75, 'macro avg': {'precision': 0.8333333333333333, 'recall': 0.75, 'f1-score': 0.7333333333333334, 'support': 4.0}, 'weighted avg': {'precision': 0.8333333333333333, 'recall': 0.75, 'f1-score': 0.7333333333333334, 'support': 4.0}, 'mean_auc': {'roc_auc': 0.75}}[[1 1]
 [0 2]]{'0': {'precision': 1.0, 'recall': 0.5, 'f1-score': 0.6666666666666666, 'support': 2.0}, '1': {'precision': 0.6666666666666666, 'recall': 1.0, 'f1-score': 0.8, 'support': 2.0}, 'accuracy': 0.75, 'macro avg': {'precision': 0.8333333333333333, 'recall': 0.75, 'f1-score': 0.7333333333333334, 'support': 4.0}, 'weighted avg': {'precision': 0.8333333333333333, 'recall': 0.75, 'f1-score': 0.7333333333333334, 'support': 4.0}, 'mean_auc': {'roc_auc': 1.0}}[[1 1]
 [0 2]]{'0': {'precision': 1.0, 'recall': 1.0, 'f1-score': 1.0, 'support': 2.0}, '1': {'precision': 1.0, 'recall': 1.0, 'f1-score': 1.0, 'support': 2.0}, 'accuracy': 1.0, 'macro avg': {'precision': 1.0, 'recall': 1.0, 'f1-score': 1.0, 'support': 4.0}, 'weighted avg': {'precision': 1.0, 'recall': 1.0, 'f1-score': 1.0, 'support': 4.0}, 'mean_auc': {'roc_auc': 1.0}}[[2 0]
 [0 2]]{'0': {'precision': 1.0, 'recall': 0.5, 'f1-score': 0.6666666666666666, 'support': 2.0}, '1': {'precision': 0.6666666666666666, 'recall': 1.0, 'f1-score': 0.8, 'support': 2.0}, 'accuracy': 0.75, 'macro avg': {'precision': 0.8333333333333333, 'recall': 0.75, 'f1-score': 0.7333333333333334, 'support': 4.0}, 'weighted avg': {'precision': 0.8333333333333333, 'recall': 0.75, 'f1-score': 0.7333333333333334, 'support': 4.0}, 'mean_auc': {'roc_auc': 1.0}}[[1 1]
 [0 2]]{'0': {'precision': 0.0, 'recall': 0.0, 'f1-score': 0.0, 'support': 2.0}, '1': {'precision': 0.3333333333333333, 'recall': 0.5, 'f1-score': 0.4, 'support': 2.0}, 'accuracy': 0.25, 'macro avg': {'precision': 0.16666666666666666, 'recall': 0.25, 'f1-score': 0.2, 'support': 4.0}, 'weighted avg': {'precision': 0.16666666666666666, 'recall': 0.25, 'f1-score': 0.2, 'support': 4.0}, 'mean_auc': {'roc_auc': 0.0}}[[0 2]
 [1 1]]{'0': {'precision': 0.5, 'recall': 1.0, 'f1-score': 0.6666666666666666, 'support': 2.0}, '1': {'precision': 0.0, 'recall': 0.0, 'f1-score': 0.0, 'support': 2.0}, 'accuracy': 0.5, 'macro avg': {'precision': 0.25, 'recall': 0.5, 'f1-score': 0.3333333333333333, 'support': 4.0}, 'weighted avg': {'precision': 0.25, 'recall': 0.5, 'f1-score': 0.3333333333333333, 'support': 4.0}, 'mean_auc': {'roc_auc': 0.5}}[[2 0]
 [2 0]]{'0': {'precision': 1.0, 'recall': 1.0, 'f1-score': 1.0, 'support': 2.0}, '1': {'precision': 1.0, 'recall': 1.0, 'f1-score': 1.0, 'support': 2.0}, 'accuracy': 1.0, 'macro avg': {'precision': 1.0, 'recall': 1.0, 'f1-score': 1.0, 'support': 4.0}, 'weighted avg': {'precision': 1.0, 'recall': 1.0, 'f1-score': 1.0, 'support': 4.0}, 'mean_auc': {'roc_auc': 1.0}}[[2 0]
 [0 2]]{'0': {'precision': 1.0, 'recall': 0.5, 'f1-score': 0.6666666666666666, 'support': 2.0}, '1': {'precision': 0.6666666666666666, 'recall': 1.0, 'f1-score': 0.8, 'support': 2.0}, 'accuracy': 0.75, 'macro avg': {'precision': 0.8333333333333333, 'recall': 0.75, 'f1-score': 0.7333333333333334, 'support': 4.0}, 'weighted avg': {'precision': 0.8333333333333333, 'recall': 0.75, 'f1-score': 0.7333333333333334, 'support': 4.0}, 'mean_auc': {'roc_auc': 1.0}}[[1 1]
 [0 2]]{'0': {'precision': 0.6666666666666666, 'recall': 1.0, 'f1-score': 0.8, 'support': 2.0}, '1': {'precision': 1.0, 'recall': 0.5, 'f1-score': 0.6666666666666666, 'support': 2.0}, 'accuracy': 0.75, 'macro avg': {'precision': 0.8333333333333333, 'recall': 0.75, 'f1-score': 0.7333333333333334, 'support': 4.0}, 'weighted avg': {'precision': 0.8333333333333333, 'recall': 0.75, 'f1-score': 0.7333333333333334, 'support': 4.0}, 'mean_auc': {'roc_auc': 1.0}}[[2 0]
 [1 1]]{'0': {'precision': 0.6666666666666666, 'recall': 1.0, 'f1-score': 0.8, 'support': 2.0}, '1': {'precision': 1.0, 'recall': 0.5, 'f1-score': 0.6666666666666666, 'support': 2.0}, 'accuracy': 0.75, 'macro avg': {'precision': 0.8333333333333333, 'recall': 0.75, 'f1-score': 0.7333333333333334, 'support': 4.0}, 'weighted avg': {'precision': 0.8333333333333333, 'recall': 0.75, 'f1-score': 0.7333333333333334, 'support': 4.0}, 'mean_auc': {'roc_auc': 1.0}}[[2 0]
 [1 1]]{'0': {'precision': 1.0, 'recall': 1.0, 'f1-score': 1.0, 'support': 2.0}, '1': {'precision': 1.0, 'recall': 1.0, 'f1-score': 1.0, 'support': 2.0}, 'accuracy': 1.0, 'macro avg': {'precision': 1.0, 'recall': 1.0, 'f1-score': 1.0, 'support': 4.0}, 'weighted avg': {'precision': 1.0, 'recall': 1.0, 'f1-score': 1.0, 'support': 4.0}, 'mean_auc': {'roc_auc': 1.0}}[[2 0]
 [0 2]]{'0': {'precision': 0.5, 'recall': 0.5, 'f1-score': 0.5, 'support': 2.0}, '1': {'precision': 0.5, 'recall': 0.5, 'f1-score': 0.5, 'support': 2.0}, 'accuracy': 0.5, 'macro avg': {'precision': 0.5, 'recall': 0.5, 'f1-score': 0.5, 'support': 4.0}, 'weighted avg': {'precision': 0.5, 'recall': 0.5, 'f1-score': 0.5, 'support': 4.0}, 'mean_auc': {'roc_auc': 0.75}}[[1 1]
 [1 1]]{'0': {'precision': 1.0, 'recall': 1.0, 'f1-score': 1.0, 'support': 2.0}, '1': {'precision': 1.0, 'recall': 1.0, 'f1-score': 1.0, 'support': 2.0}, 'accuracy': 1.0, 'macro avg': {'precision': 1.0, 'recall': 1.0, 'f1-score': 1.0, 'support': 4.0}, 'weighted avg': {'precision': 1.0, 'recall': 1.0, 'f1-score': 1.0, 'support': 4.0}, 'mean_auc': {'roc_auc': 1.0}}[[2 0]
 [0 2]]{'0': {'precision': 1.0, 'recall': 0.5, 'f1-score': 0.6666666666666666, 'support': 2.0}, '1': {'precision': 0.6666666666666666, 'recall': 1.0, 'f1-score': 0.8, 'support': 2.0}, 'accuracy': 0.75, 'macro avg': {'precision': 0.8333333333333333, 'recall': 0.75, 'f1-score': 0.7333333333333334, 'support': 4.0}, 'weighted avg': {'precision': 0.8333333333333333, 'recall': 0.75, 'f1-score': 0.7333333333333334, 'support': 4.0}, 'mean_auc': {'roc_auc': 1.0}}[[1 1]
 [0 2]]{'0': {'precision': 0.6666666666666666, 'recall': 1.0, 'f1-score': 0.8, 'support': 2.0}, '1': {'precision': 1.0, 'recall': 0.5, 'f1-score': 0.6666666666666666, 'support': 2.0}, 'accuracy': 0.75, 'macro avg': {'precision': 0.8333333333333333, 'recall': 0.75, 'f1-score': 0.7333333333333334, 'support': 4.0}, 'weighted avg': {'precision': 0.8333333333333333, 'recall': 0.75, 'f1-score': 0.7333333333333334, 'support': 4.0}, 'mean_auc': {'roc_auc': 0.75}}[[2 0]
 [1 1]]{'0': {'precision': 0.6666666666666666, 'recall': 1.0, 'f1-score': 0.8, 'support': 2.0}, '1': {'precision': 1.0, 'recall': 0.5, 'f1-score': 0.6666666666666666, 'support': 2.0}, 'accuracy': 0.75, 'macro avg': {'precision': 0.8333333333333333, 'recall': 0.75, 'f1-score': 0.7333333333333334, 'support': 4.0}, 'weighted avg': {'precision': 0.8333333333333333, 'recall': 0.75, 'f1-score': 0.7333333333333334, 'support': 4.0}, 'mean_auc': {'roc_auc': 1.0}}[[2 0]
 [1 1]]{'0': {'precision': 0.5, 'recall': 0.5, 'f1-score': 0.5, 'support': 2.0}, '1': {'precision': 0.5, 'recall': 0.5, 'f1-score': 0.5, 'support': 2.0}, 'accuracy': 0.5, 'macro avg': {'precision': 0.5, 'recall': 0.5, 'f1-score': 0.5, 'support': 4.0}, 'weighted avg': {'precision': 0.5, 'recall': 0.5, 'f1-score': 0.5, 'support': 4.0}, 'mean_auc': {'roc_auc': 0.5}}[[1 1]
 [1 1]]{'0': {'precision': 0.0, 'recall': 0.0, 'f1-score': 0.0, 'support': 2.0}, '1': {'precision': 0.5, 'recall': 1.0, 'f1-score': 0.6666666666666666, 'support': 2.0}, 'accuracy': 0.5, 'macro avg': {'precision': 0.25, 'recall': 0.5, 'f1-score': 0.3333333333333333, 'support': 4.0}, 'weighted avg': {'precision': 0.25, 'recall': 0.5, 'f1-score': 0.3333333333333333, 'support': 4.0}, 'mean_auc': {'roc_auc': 0.5}}[[0 2]
 [0 2]]{'0': {'precision': 1.0, 'recall': 1.0, 'f1-score': 1.0, 'support': 2.0}, '1': {'precision': 1.0, 'recall': 1.0, 'f1-score': 1.0, 'support': 2.0}, 'accuracy': 1.0, 'macro avg': {'precision': 1.0, 'recall': 1.0, 'f1-score': 1.0, 'support': 4.0}, 'weighted avg': {'precision': 1.0, 'recall': 1.0, 'f1-score': 1.0, 'support': 4.0}, 'mean_auc': {'roc_auc': 1.0}}[[2 0]
 [0 2]]{'0': {'precision': 0.5, 'recall': 0.5, 'f1-score': 0.5, 'support': 2.0}, '1': {'precision': 0.5, 'recall': 0.5, 'f1-score': 0.5, 'support': 2.0}, 'accuracy': 0.5, 'macro avg': {'precision': 0.5, 'recall': 0.5, 'f1-score': 0.5, 'support': 4.0}, 'weighted avg': {'precision': 0.5, 'recall': 0.5, 'f1-score': 0.5, 'support': 4.0}, 'mean_auc': {'roc_auc': 0.5}}[[1 1]
 [1 1]]{'0': {'precision': 0.6666666666666666, 'recall': 1.0, 'f1-score': 0.8, 'support': 2.0}, '1': {'precision': 1.0, 'recall': 0.5, 'f1-score': 0.6666666666666666, 'support': 2.0}, 'accuracy': 0.75, 'macro avg': {'precision': 0.8333333333333333, 'recall': 0.75, 'f1-score': 0.7333333333333334, 'support': 4.0}, 'weighted avg': {'precision': 0.8333333333333333, 'recall': 0.75, 'f1-score': 0.7333333333333334, 'support': 4.0}, 'mean_auc': {'roc_auc': 1.0}}[[2 0]
 [1 1]]{'0': {'precision': 1.0, 'recall': 0.5, 'f1-score': 0.6666666666666666, 'support': 2.0}, '1': {'precision': 0.6666666666666666, 'recall': 1.0, 'f1-score': 0.8, 'support': 2.0}, 'accuracy': 0.75, 'macro avg': {'precision': 0.8333333333333333, 'recall': 0.75, 'f1-score': 0.7333333333333334, 'support': 4.0}, 'weighted avg': {'precision': 0.8333333333333333, 'recall': 0.75, 'f1-score': 0.7333333333333334, 'support': 4.0}, 'mean_auc': {'roc_auc': 1.0}}[[1 1]
 [0 2]]{'0': {'precision': 1.0, 'recall': 1.0, 'f1-score': 1.0, 'support': 2.0}, '1': {'precision': 1.0, 'recall': 1.0, 'f1-score': 1.0, 'support': 2.0}, 'accuracy': 1.0, 'macro avg': {'precision': 1.0, 'recall': 1.0, 'f1-score': 1.0, 'support': 4.0}, 'weighted avg': {'precision': 1.0, 'recall': 1.0, 'f1-score': 1.0, 'support': 4.0}, 'mean_auc': {'roc_auc': 1.0}}[[2 0]
 [0 2]]{'0': {'precision': 0.0, 'recall': 0.0, 'f1-score': 0.0, 'support': 2.0}, '1': {'precision': 0.5, 'recall': 1.0, 'f1-score': 0.6666666666666666, 'support': 2.0}, 'accuracy': 0.5, 'macro avg': {'precision': 0.25, 'recall': 0.5, 'f1-score': 0.3333333333333333, 'support': 4.0}, 'weighted avg': {'precision': 0.25, 'recall': 0.5, 'f1-score': 0.3333333333333333, 'support': 4.0}, 'mean_auc': {'roc_auc': 1.0}}[[0 2]
 [0 2]]{'0': {'precision': 0.6666666666666666, 'recall': 1.0, 'f1-score': 0.8, 'support': 2.0}, '1': {'precision': 1.0, 'recall': 0.5, 'f1-score': 0.6666666666666666, 'support': 2.0}, 'accuracy': 0.75, 'macro avg': {'precision': 0.8333333333333333, 'recall': 0.75, 'f1-score': 0.7333333333333334, 'support': 4.0}, 'weighted avg': {'precision': 0.8333333333333333, 'recall': 0.75, 'f1-score': 0.7333333333333334, 'support': 4.0}, 'mean_auc': {'roc_auc': 0.75}}[[2 0]
 [1 1]]{'0': {'precision': 1.0, 'recall': 1.0, 'f1-score': 1.0, 'support': 2.0}, '1': {'precision': 1.0, 'recall': 1.0, 'f1-score': 1.0, 'support': 2.0}, 'accuracy': 1.0, 'macro avg': {'precision': 1.0, 'recall': 1.0, 'f1-score': 1.0, 'support': 4.0}, 'weighted avg': {'precision': 1.0, 'recall': 1.0, 'f1-score': 1.0, 'support': 4.0}, 'mean_auc': {'roc_auc': 1.0}}[[2 0]
 [0 2]]{'0': {'precision': 0.0, 'recall': 0.0, 'f1-score': 0.0, 'support': 2.0}, '1': {'precision': 0.5, 'recall': 1.0, 'f1-score': 0.6666666666666666, 'support': 2.0}, 'accuracy': 0.5, 'macro avg': {'precision': 0.25, 'recall': 0.5, 'f1-score': 0.3333333333333333, 'support': 4.0}, 'weighted avg': {'precision': 0.25, 'recall': 0.5, 'f1-score': 0.3333333333333333, 'support': 4.0}, 'mean_auc': {'roc_auc': 0.5}}[[0 2]
 [0 2]]{'0': {'precision': 0.5, 'recall': 1.0, 'f1-score': 0.6666666666666666, 'support': 2.0}, '1': {'precision': 0.0, 'recall': 0.0, 'f1-score': 0.0, 'support': 2.0}, 'accuracy': 0.5, 'macro avg': {'precision': 0.25, 'recall': 0.5, 'f1-score': 0.3333333333333333, 'support': 4.0}, 'weighted avg': {'precision': 0.25, 'recall': 0.5, 'f1-score': 0.3333333333333333, 'support': 4.0}, 'mean_auc': {'roc_auc': 1.0}}[[2 0]
 [2 0]]{'0': {'precision': 1.0, 'recall': 1.0, 'f1-score': 1.0, 'support': 2.0}, '1': {'precision': 1.0, 'recall': 1.0, 'f1-score': 1.0, 'support': 2.0}, 'accuracy': 1.0, 'macro avg': {'precision': 1.0, 'recall': 1.0, 'f1-score': 1.0, 'support': 4.0}, 'weighted avg': {'precision': 1.0, 'recall': 1.0, 'f1-score': 1.0, 'support': 4.0}, 'mean_auc': {'roc_auc': 1.0}}[[2 0]
 [0 2]]{'0': {'precision': 1.0, 'recall': 1.0, 'f1-score': 1.0, 'support': 2.0}, '1': {'precision': 1.0, 'recall': 1.0, 'f1-score': 1.0, 'support': 2.0}, 'accuracy': 1.0, 'macro avg': {'precision': 1.0, 'recall': 1.0, 'f1-score': 1.0, 'support': 4.0}, 'weighted avg': {'precision': 1.0, 'recall': 1.0, 'f1-score': 1.0, 'support': 4.0}, 'mean_auc': {'roc_auc': 1.0}}[[2 0]
 [0 2]]{'0': {'precision': 1.0, 'recall': 0.5, 'f1-score': 0.6666666666666666, 'support': 2.0}, '1': {'precision': 0.6666666666666666, 'recall': 1.0, 'f1-score': 0.8, 'support': 2.0}, 'accuracy': 0.75, 'macro avg': {'precision': 0.8333333333333333, 'recall': 0.75, 'f1-score': 0.7333333333333334, 'support': 4.0}, 'weighted avg': {'precision': 0.8333333333333333, 'recall': 0.75, 'f1-score': 0.7333333333333334, 'support': 4.0}, 'mean_auc': {'roc_auc': 0.75}}[[1 1]
 [0 2]]{'0': {'precision': 1.0, 'recall': 1.0, 'f1-score': 1.0, 'support': 2.0}, '1': {'precision': 1.0, 'recall': 1.0, 'f1-score': 1.0, 'support': 2.0}, 'accuracy': 1.0, 'macro avg': {'precision': 1.0, 'recall': 1.0, 'f1-score': 1.0, 'support': 4.0}, 'weighted avg': {'precision': 1.0, 'recall': 1.0, 'f1-score': 1.0, 'support': 4.0}, 'mean_auc': {'roc_auc': 1.0}}[[2 0]
 [0 2]]{'0': {'precision': 0.6666666666666666, 'recall': 1.0, 'f1-score': 0.8, 'support': 2.0}, '1': {'precision': 1.0, 'recall': 0.5, 'f1-score': 0.6666666666666666, 'support': 2.0}, 'accuracy': 0.75, 'macro avg': {'precision': 0.8333333333333333, 'recall': 0.75, 'f1-score': 0.7333333333333334, 'support': 4.0}, 'weighted avg': {'precision': 0.8333333333333333, 'recall': 0.75, 'f1-score': 0.7333333333333334, 'support': 4.0}, 'mean_auc': {'roc_auc': 0.75}}[[2 0]
 [1 1]]{'0': {'precision': 1.0, 'recall': 0.5, 'f1-score': 0.6666666666666666, 'support': 2.0}, '1': {'precision': 0.6666666666666666, 'recall': 1.0, 'f1-score': 0.8, 'support': 2.0}, 'accuracy': 0.75, 'macro avg': {'precision': 0.8333333333333333, 'recall': 0.75, 'f1-score': 0.7333333333333334, 'support': 4.0}, 'weighted avg': {'precision': 0.8333333333333333, 'recall': 0.75, 'f1-score': 0.7333333333333334, 'support': 4.0}, 'mean_auc': {'roc_auc': 0.75}}[[1 1]
 [0 2]]{'0': {'precision': 1.0, 'recall': 1.0, 'f1-score': 1.0, 'support': 2.0}, '1': {'precision': 1.0, 'recall': 1.0, 'f1-score': 1.0, 'support': 2.0}, 'accuracy': 1.0, 'macro avg': {'precision': 1.0, 'recall': 1.0, 'f1-score': 1.0, 'support': 4.0}, 'weighted avg': {'precision': 1.0, 'recall': 1.0, 'f1-score': 1.0, 'support': 4.0}, 'mean_auc': {'roc_auc': 1.0}}[[2 0]
 [0 2]]{'0': {'precision': 0.6666666666666666, 'recall': 1.0, 'f1-score': 0.8, 'support': 2.0}, '1': {'precision': 1.0, 'recall': 0.5, 'f1-score': 0.6666666666666666, 'support': 2.0}, 'accuracy': 0.75, 'macro avg': {'precision': 0.8333333333333333, 'recall': 0.75, 'f1-score': 0.7333333333333334, 'support': 4.0}, 'weighted avg': {'precision': 0.8333333333333333, 'recall': 0.75, 'f1-score': 0.7333333333333334, 'support': 4.0}, 'mean_auc': {'roc_auc': 0.75}}[[2 0]
 [1 1]]{'0': {'precision': 0.6666666666666666, 'recall': 1.0, 'f1-score': 0.8, 'support': 2.0}, '1': {'precision': 1.0, 'recall': 0.5, 'f1-score': 0.6666666666666666, 'support': 2.0}, 'accuracy': 0.75, 'macro avg': {'precision': 0.8333333333333333, 'recall': 0.75, 'f1-score': 0.7333333333333334, 'support': 4.0}, 'weighted avg': {'precision': 0.8333333333333333, 'recall': 0.75, 'f1-score': 0.7333333333333334, 'support': 4.0}, 'mean_auc': {'roc_auc': 0.75}}[[2 0]
 [1 1]]{'0': {'precision': 0.5, 'recall': 0.5, 'f1-score': 0.5, 'support': 2.0}, '1': {'precision': 0.5, 'recall': 0.5, 'f1-score': 0.5, 'support': 2.0}, 'accuracy': 0.5, 'macro avg': {'precision': 0.5, 'recall': 0.5, 'f1-score': 0.5, 'support': 4.0}, 'weighted avg': {'precision': 0.5, 'recall': 0.5, 'f1-score': 0.5, 'support': 4.0}, 'mean_auc': {'roc_auc': 0.5}}[[1 1]
 [1 1]]{'0': {'precision': 1.0, 'recall': 0.5, 'f1-score': 0.6666666666666666, 'support': 2.0}, '1': {'precision': 0.6666666666666666, 'recall': 1.0, 'f1-score': 0.8, 'support': 2.0}, 'accuracy': 0.75, 'macro avg': {'precision': 0.8333333333333333, 'recall': 0.75, 'f1-score': 0.7333333333333334, 'support': 4.0}, 'weighted avg': {'precision': 0.8333333333333333, 'recall': 0.75, 'f1-score': 0.7333333333333334, 'support': 4.0}, 'mean_auc': {'roc_auc': 0.5}}[[1 1]
 [0 2]]{'0': {'precision': 0.0, 'recall': 0.0, 'f1-score': 0.0, 'support': 2.0}, '1': {'precision': 0.5, 'recall': 1.0, 'f1-score': 0.6666666666666666, 'support': 2.0}, 'accuracy': 0.5, 'macro avg': {'precision': 0.25, 'recall': 0.5, 'f1-score': 0.3333333333333333, 'support': 4.0}, 'weighted avg': {'precision': 0.25, 'recall': 0.5, 'f1-score': 0.3333333333333333, 'support': 4.0}, 'mean_auc': {'roc_auc': 0.75}}[[0 2]
 [0 2]]{'0': {'precision': 1.0, 'recall': 1.0, 'f1-score': 1.0, 'support': 2.0}, '1': {'precision': 1.0, 'recall': 1.0, 'f1-score': 1.0, 'support': 2.0}, 'accuracy': 1.0, 'macro avg': {'precision': 1.0, 'recall': 1.0, 'f1-score': 1.0, 'support': 4.0}, 'weighted avg': {'precision': 1.0, 'recall': 1.0, 'f1-score': 1.0, 'support': 4.0}, 'mean_auc': {'roc_auc': 1.0}}[[2 0]
 [0 2]]{'0': {'precision': 0.0, 'recall': 0.0, 'f1-score': 0.0, 'support': 2.0}, '1': {'precision': 0.0, 'recall': 0.0, 'f1-score': 0.0, 'support': 2.0}, 'accuracy': 0.0, 'macro avg': {'precision': 0.0, 'recall': 0.0, 'f1-score': 0.0, 'support': 4.0}, 'weighted avg': {'precision': 0.0, 'recall': 0.0, 'f1-score': 0.0, 'support': 4.0}, 'mean_auc': {'roc_auc': 0.0}}[[0 2]
 [2 0]]{'0': {'precision': 1.0, 'recall': 1.0, 'f1-score': 1.0, 'support': 2.0}, '1': {'precision': 1.0, 'recall': 1.0, 'f1-score': 1.0, 'support': 2.0}, 'accuracy': 1.0, 'macro avg': {'precision': 1.0, 'recall': 1.0, 'f1-score': 1.0, 'support': 4.0}, 'weighted avg': {'precision': 1.0, 'recall': 1.0, 'f1-score': 1.0, 'support': 4.0}, 'mean_auc': {'roc_auc': 1.0}}[[2 0]
 [0 2]]{'0': {'precision': 0.6666666666666666, 'recall': 1.0, 'f1-score': 0.8, 'support': 2.0}, '1': {'precision': 1.0, 'recall': 0.5, 'f1-score': 0.6666666666666666, 'support': 2.0}, 'accuracy': 0.75, 'macro avg': {'precision': 0.8333333333333333, 'recall': 0.75, 'f1-score': 0.7333333333333334, 'support': 4.0}, 'weighted avg': {'precision': 0.8333333333333333, 'recall': 0.75, 'f1-score': 0.7333333333333334, 'support': 4.0}, 'mean_auc': {'roc_auc': 0.5}}[[2 0]
 [1 1]]{'0': {'precision': 0.6666666666666666, 'recall': 1.0, 'f1-score': 0.8, 'support': 2.0}, '1': {'precision': 1.0, 'recall': 0.5, 'f1-score': 0.6666666666666666, 'support': 2.0}, 'accuracy': 0.75, 'macro avg': {'precision': 0.8333333333333333, 'recall': 0.75, 'f1-score': 0.7333333333333334, 'support': 4.0}, 'weighted avg': {'precision': 0.8333333333333333, 'recall': 0.75, 'f1-score': 0.7333333333333334, 'support': 4.0}, 'mean_auc': {'roc_auc': 1.0}}[[2 0]
 [1 1]]{'0': {'precision': 0.6666666666666666, 'recall': 1.0, 'f1-score': 0.8, 'support': 2.0}, '1': {'precision': 1.0, 'recall': 0.5, 'f1-score': 0.6666666666666666, 'support': 2.0}, 'accuracy': 0.75, 'macro avg': {'precision': 0.8333333333333333, 'recall': 0.75, 'f1-score': 0.7333333333333334, 'support': 4.0}, 'weighted avg': {'precision': 0.8333333333333333, 'recall': 0.75, 'f1-score': 0.7333333333333334, 'support': 4.0}, 'mean_auc': {'roc_auc': 1.0}}[[2 0]
 [1 1]]{'0': {'precision': 1.0, 'recall': 0.5, 'f1-score': 0.6666666666666666, 'support': 2.0}, '1': {'precision': 0.6666666666666666, 'recall': 1.0, 'f1-score': 0.8, 'support': 2.0}, 'accuracy': 0.75, 'macro avg': {'precision': 0.8333333333333333, 'recall': 0.75, 'f1-score': 0.7333333333333334, 'support': 4.0}, 'weighted avg': {'precision': 0.8333333333333333, 'recall': 0.75, 'f1-score': 0.7333333333333334, 'support': 4.0}, 'mean_auc': {'roc_auc': 0.5}}[[1 1]
 [0 2]]{'0': {'precision': 1.0, 'recall': 0.5, 'f1-score': 0.6666666666666666, 'support': 2.0}, '1': {'precision': 0.6666666666666666, 'recall': 1.0, 'f1-score': 0.8, 'support': 2.0}, 'accuracy': 0.75, 'macro avg': {'precision': 0.8333333333333333, 'recall': 0.75, 'f1-score': 0.7333333333333334, 'support': 4.0}, 'weighted avg': {'precision': 0.8333333333333333, 'recall': 0.75, 'f1-score': 0.7333333333333334, 'support': 4.0}, 'mean_auc': {'roc_auc': 1.0}}[[1 1]
 [0 2]]{'0': {'precision': 1.0, 'recall': 1.0, 'f1-score': 1.0, 'support': 2.0}, '1': {'precision': 1.0, 'recall': 1.0, 'f1-score': 1.0, 'support': 2.0}, 'accuracy': 1.0, 'macro avg': {'precision': 1.0, 'recall': 1.0, 'f1-score': 1.0, 'support': 4.0}, 'weighted avg': {'precision': 1.0, 'recall': 1.0, 'f1-score': 1.0, 'support': 4.0}, 'mean_auc': {'roc_auc': 1.0}}[[2 0]
 [0 2]]{'0': {'precision': 1.0, 'recall': 0.5, 'f1-score': 0.6666666666666666, 'support': 2.0}, '1': {'precision': 0.6666666666666666, 'recall': 1.0, 'f1-score': 0.8, 'support': 2.0}, 'accuracy': 0.75, 'macro avg': {'precision': 0.8333333333333333, 'recall': 0.75, 'f1-score': 0.7333333333333334, 'support': 4.0}, 'weighted avg': {'precision': 0.8333333333333333, 'recall': 0.75, 'f1-score': 0.7333333333333334, 'support': 4.0}, 'mean_auc': {'roc_auc': 1.0}}[[1 1]
 [0 2]]{'0': {'precision': 1.0, 'recall': 0.5, 'f1-score': 0.6666666666666666, 'support': 2.0}, '1': {'precision': 0.6666666666666666, 'recall': 1.0, 'f1-score': 0.8, 'support': 2.0}, 'accuracy': 0.75, 'macro avg': {'precision': 0.8333333333333333, 'recall': 0.75, 'f1-score': 0.7333333333333334, 'support': 4.0}, 'weighted avg': {'precision': 0.8333333333333333, 'recall': 0.75, 'f1-score': 0.7333333333333334, 'support': 4.0}, 'mean_auc': {'roc_auc': 1.0}}[[1 1]
 [0 2]]{'0': {'precision': 1.0, 'recall': 1.0, 'f1-score': 1.0, 'support': 2.0}, '1': {'precision': 1.0, 'recall': 1.0, 'f1-score': 1.0, 'support': 2.0}, 'accuracy': 1.0, 'macro avg': {'precision': 1.0, 'recall': 1.0, 'f1-score': 1.0, 'support': 4.0}, 'weighted avg': {'precision': 1.0, 'recall': 1.0, 'f1-score': 1.0, 'support': 4.0}, 'mean_auc': {'roc_auc': 1.0}}[[2 0]
 [0 2]]{'0': {'precision': 1.0, 'recall': 1.0, 'f1-score': 1.0, 'support': 2.0}, '1': {'precision': 1.0, 'recall': 1.0, 'f1-score': 1.0, 'support': 2.0}, 'accuracy': 1.0, 'macro avg': {'precision': 1.0, 'recall': 1.0, 'f1-score': 1.0, 'support': 4.0}, 'weighted avg': {'precision': 1.0, 'recall': 1.0, 'f1-score': 1.0, 'support': 4.0}, 'mean_auc': {'roc_auc': 1.0}}[[2 0]
 [0 2]]{'0': {'precision': 1.0, 'recall': 0.5, 'f1-score': 0.6666666666666666, 'support': 2.0}, '1': {'precision': 0.6666666666666666, 'recall': 1.0, 'f1-score': 0.8, 'support': 2.0}, 'accuracy': 0.75, 'macro avg': {'precision': 0.8333333333333333, 'recall': 0.75, 'f1-score': 0.7333333333333334, 'support': 4.0}, 'weighted avg': {'precision': 0.8333333333333333, 'recall': 0.75, 'f1-score': 0.7333333333333334, 'support': 4.0}, 'mean_auc': {'roc_auc': 0.5}}[[1 1]
 [0 2]]{'0': {'precision': 0.5, 'recall': 1.0, 'f1-score': 0.6666666666666666, 'support': 2.0}, '1': {'precision': 0.0, 'recall': 0.0, 'f1-score': 0.0, 'support': 2.0}, 'accuracy': 0.5, 'macro avg': {'precision': 0.25, 'recall': 0.5, 'f1-score': 0.3333333333333333, 'support': 4.0}, 'weighted avg': {'precision': 0.25, 'recall': 0.5, 'f1-score': 0.3333333333333333, 'support': 4.0}, 'mean_auc': {'roc_auc': 0.75}}[[2 0]
 [2 0]]{'0': {'precision': 1.0, 'recall': 0.5, 'f1-score': 0.6666666666666666, 'support': 2.0}, '1': {'precision': 0.6666666666666666, 'recall': 1.0, 'f1-score': 0.8, 'support': 2.0}, 'accuracy': 0.75, 'macro avg': {'precision': 0.8333333333333333, 'recall': 0.75, 'f1-score': 0.7333333333333334, 'support': 4.0}, 'weighted avg': {'precision': 0.8333333333333333, 'recall': 0.75, 'f1-score': 0.7333333333333334, 'support': 4.0}, 'mean_auc': {'roc_auc': 1.0}}[[1 1]
 [0 2]]{'0': {'precision': 0.3333333333333333, 'recall': 0.5, 'f1-score': 0.4, 'support': 2.0}, '1': {'precision': 0.0, 'recall': 0.0, 'f1-score': 0.0, 'support': 2.0}, 'accuracy': 0.25, 'macro avg': {'precision': 0.16666666666666666, 'recall': 0.25, 'f1-score': 0.2, 'support': 4.0}, 'weighted avg': {'precision': 0.16666666666666666, 'recall': 0.25, 'f1-score': 0.2, 'support': 4.0}, 'mean_auc': {'roc_auc': 0.0}}[[1 1]
 [2 0]]{'0': {'precision': 0.5, 'recall': 0.5, 'f1-score': 0.5, 'support': 2.0}, '1': {'precision': 0.5, 'recall': 0.5, 'f1-score': 0.5, 'support': 2.0}, 'accuracy': 0.5, 'macro avg': {'precision': 0.5, 'recall': 0.5, 'f1-score': 0.5, 'support': 4.0}, 'weighted avg': {'precision': 0.5, 'recall': 0.5, 'f1-score': 0.5, 'support': 4.0}, 'mean_auc': {'roc_auc': 0.5}}[[1 1]
 [1 1]]{'0': {'precision': 0.5, 'recall': 0.5, 'f1-score': 0.5, 'support': 2.0}, '1': {'precision': 0.5, 'recall': 0.5, 'f1-score': 0.5, 'support': 2.0}, 'accuracy': 0.5, 'macro avg': {'precision': 0.5, 'recall': 0.5, 'f1-score': 0.5, 'support': 4.0}, 'weighted avg': {'precision': 0.5, 'recall': 0.5, 'f1-score': 0.5, 'support': 4.0}, 'mean_auc': {'roc_auc': 0.75}}[[1 1]
 [1 1]]{'0': {'precision': 0.5, 'recall': 0.5, 'f1-score': 0.5, 'support': 2.0}, '1': {'precision': 0.5, 'recall': 0.5, 'f1-score': 0.5, 'support': 2.0}, 'accuracy': 0.5, 'macro avg': {'precision': 0.5, 'recall': 0.5, 'f1-score': 0.5, 'support': 4.0}, 'weighted avg': {'precision': 0.5, 'recall': 0.5, 'f1-score': 0.5, 'support': 4.0}, 'mean_auc': {'roc_auc': 0.75}}[[1 1]
 [1 1]]{'0': {'precision': 0.5, 'recall': 0.5, 'f1-score': 0.5, 'support': 2.0}, '1': {'precision': 0.5, 'recall': 0.5, 'f1-score': 0.5, 'support': 2.0}, 'accuracy': 0.5, 'macro avg': {'precision': 0.5, 'recall': 0.5, 'f1-score': 0.5, 'support': 4.0}, 'weighted avg': {'precision': 0.5, 'recall': 0.5, 'f1-score': 0.5, 'support': 4.0}, 'mean_auc': {'roc_auc': 0.25}}[[1 1]
 [1 1]]{'0': {'precision': 0.6666666666666666, 'recall': 1.0, 'f1-score': 0.8, 'support': 2.0}, '1': {'precision': 1.0, 'recall': 0.5, 'f1-score': 0.6666666666666666, 'support': 2.0}, 'accuracy': 0.75, 'macro avg': {'precision': 0.8333333333333333, 'recall': 0.75, 'f1-score': 0.7333333333333334, 'support': 4.0}, 'weighted avg': {'precision': 0.8333333333333333, 'recall': 0.75, 'f1-score': 0.7333333333333334, 'support': 4.0}, 'mean_auc': {'roc_auc': 1.0}}[[2 0]
 [1 1]]{'0': {'precision': 0.6666666666666666, 'recall': 1.0, 'f1-score': 0.8, 'support': 2.0}, '1': {'precision': 1.0, 'recall': 0.5, 'f1-score': 0.6666666666666666, 'support': 2.0}, 'accuracy': 0.75, 'macro avg': {'precision': 0.8333333333333333, 'recall': 0.75, 'f1-score': 0.7333333333333334, 'support': 4.0}, 'weighted avg': {'precision': 0.8333333333333333, 'recall': 0.75, 'f1-score': 0.7333333333333334, 'support': 4.0}, 'mean_auc': {'roc_auc': 0.75}}[[2 0]
 [1 1]]{'0': {'precision': 0.6666666666666666, 'recall': 1.0, 'f1-score': 0.8, 'support': 2.0}, '1': {'precision': 1.0, 'recall': 0.5, 'f1-score': 0.6666666666666666, 'support': 2.0}, 'accuracy': 0.75, 'macro avg': {'precision': 0.8333333333333333, 'recall': 0.75, 'f1-score': 0.7333333333333334, 'support': 4.0}, 'weighted avg': {'precision': 0.8333333333333333, 'recall': 0.75, 'f1-score': 0.7333333333333334, 'support': 4.0}, 'mean_auc': {'roc_auc': 1.0}}[[2 0]
 [1 1]]{'0': {'precision': 1.0, 'recall': 0.5, 'f1-score': 0.6666666666666666, 'support': 2.0}, '1': {'precision': 0.6666666666666666, 'recall': 1.0, 'f1-score': 0.8, 'support': 2.0}, 'accuracy': 0.75, 'macro avg': {'precision': 0.8333333333333333, 'recall': 0.75, 'f1-score': 0.7333333333333334, 'support': 4.0}, 'weighted avg': {'precision': 0.8333333333333333, 'recall': 0.75, 'f1-score': 0.7333333333333334, 'support': 4.0}, 'mean_auc': {'roc_auc': 1.0}}[[1 1]
 [0 2]]{'0': {'precision': 1.0, 'recall': 0.5, 'f1-score': 0.6666666666666666, 'support': 2.0}, '1': {'precision': 0.6666666666666666, 'recall': 1.0, 'f1-score': 0.8, 'support': 2.0}, 'accuracy': 0.75, 'macro avg': {'precision': 0.8333333333333333, 'recall': 0.75, 'f1-score': 0.7333333333333334, 'support': 4.0}, 'weighted avg': {'precision': 0.8333333333333333, 'recall': 0.75, 'f1-score': 0.7333333333333334, 'support': 4.0}, 'mean_auc': {'roc_auc': 1.0}}[[1 1]
 [0 2]]{'0': {'precision': 1.0, 'recall': 0.5, 'f1-score': 0.6666666666666666, 'support': 2.0}, '1': {'precision': 0.6666666666666666, 'recall': 1.0, 'f1-score': 0.8, 'support': 2.0}, 'accuracy': 0.75, 'macro avg': {'precision': 0.8333333333333333, 'recall': 0.75, 'f1-score': 0.7333333333333334, 'support': 4.0}, 'weighted avg': {'precision': 0.8333333333333333, 'recall': 0.75, 'f1-score': 0.7333333333333334, 'support': 4.0}, 'mean_auc': {'roc_auc': 1.0}}[[1 1]
 [0 2]]{'0': {'precision': 0.5, 'recall': 0.5, 'f1-score': 0.5, 'support': 2.0}, '1': {'precision': 0.5, 'recall': 0.5, 'f1-score': 0.5, 'support': 2.0}, 'accuracy': 0.5, 'macro avg': {'precision': 0.5, 'recall': 0.5, 'f1-score': 0.5, 'support': 4.0}, 'weighted avg': {'precision': 0.5, 'recall': 0.5, 'f1-score': 0.5, 'support': 4.0}, 'mean_auc': {'roc_auc': 0.5}}[[1 1]
 [1 1]]{'0': {'precision': 1.0, 'recall': 0.5, 'f1-score': 0.6666666666666666, 'support': 2.0}, '1': {'precision': 0.6666666666666666, 'recall': 1.0, 'f1-score': 0.8, 'support': 2.0}, 'accuracy': 0.75, 'macro avg': {'precision': 0.8333333333333333, 'recall': 0.75, 'f1-score': 0.7333333333333334, 'support': 4.0}, 'weighted avg': {'precision': 0.8333333333333333, 'recall': 0.75, 'f1-score': 0.7333333333333334, 'support': 4.0}, 'mean_auc': {'roc_auc': 1.0}}[[1 1]
 [0 2]]{'0': {'precision': 1.0, 'recall': 0.5, 'f1-score': 0.6666666666666666, 'support': 2.0}, '1': {'precision': 0.6666666666666666, 'recall': 1.0, 'f1-score': 0.8, 'support': 2.0}, 'accuracy': 0.75, 'macro avg': {'precision': 0.8333333333333333, 'recall': 0.75, 'f1-score': 0.7333333333333334, 'support': 4.0}, 'weighted avg': {'precision': 0.8333333333333333, 'recall': 0.75, 'f1-score': 0.7333333333333334, 'support': 4.0}, 'mean_auc': {'roc_auc': 1.0}}[[1 1]
 [0 2]]{'0': {'precision': 0.5, 'recall': 0.5, 'f1-score': 0.5, 'support': 2.0}, '1': {'precision': 0.5, 'recall': 0.5, 'f1-score': 0.5, 'support': 2.0}, 'accuracy': 0.5, 'macro avg': {'precision': 0.5, 'recall': 0.5, 'f1-score': 0.5, 'support': 4.0}, 'weighted avg': {'precision': 0.5, 'recall': 0.5, 'f1-score': 0.5, 'support': 4.0}, 'mean_auc': {'roc_auc': 0.5}}[[1 1]
 [1 1]]{'0': {'precision': 0.0, 'recall': 0.0, 'f1-score': 0.0, 'support': 2.0}, '1': {'precision': 0.5, 'recall': 1.0, 'f1-score': 0.6666666666666666, 'support': 2.0}, 'accuracy': 0.5, 'macro avg': {'precision': 0.25, 'recall': 0.5, 'f1-score': 0.3333333333333333, 'support': 4.0}, 'weighted avg': {'precision': 0.25, 'recall': 0.5, 'f1-score': 0.3333333333333333, 'support': 4.0}, 'mean_auc': {'roc_auc': 1.0}}[[0 2]
 [0 2]]{'0': {'precision': 0.5, 'recall': 1.0, 'f1-score': 0.6666666666666666, 'support': 2.0}, '1': {'precision': 0.0, 'recall': 0.0, 'f1-score': 0.0, 'support': 2.0}, 'accuracy': 0.5, 'macro avg': {'precision': 0.25, 'recall': 0.5, 'f1-score': 0.3333333333333333, 'support': 4.0}, 'weighted avg': {'precision': 0.25, 'recall': 0.5, 'f1-score': 0.3333333333333333, 'support': 4.0}, 'mean_auc': {'roc_auc': 0.75}}[[2 0]
 [2 0]]{'0': {'precision': 0.6666666666666666, 'recall': 1.0, 'f1-score': 0.8, 'support': 2.0}, '1': {'precision': 1.0, 'recall': 0.5, 'f1-score': 0.6666666666666666, 'support': 2.0}, 'accuracy': 0.75, 'macro avg': {'precision': 0.8333333333333333, 'recall': 0.75, 'f1-score': 0.7333333333333334, 'support': 4.0}, 'weighted avg': {'precision': 0.8333333333333333, 'recall': 0.75, 'f1-score': 0.7333333333333334, 'support': 4.0}, 'mean_auc': {'roc_auc': 1.0}}[[2 0]
 [1 1]]{'0': {'precision': 1.0, 'recall': 1.0, 'f1-score': 1.0, 'support': 2.0}, '1': {'precision': 1.0, 'recall': 1.0, 'f1-score': 1.0, 'support': 2.0}, 'accuracy': 1.0, 'macro avg': {'precision': 1.0, 'recall': 1.0, 'f1-score': 1.0, 'support': 4.0}, 'weighted avg': {'precision': 1.0, 'recall': 1.0, 'f1-score': 1.0, 'support': 4.0}, 'mean_auc': {'roc_auc': 1.0}}[[2 0]
 [0 2]]{'0': {'precision': 1.0, 'recall': 1.0, 'f1-score': 1.0, 'support': 2.0}, '1': {'precision': 1.0, 'recall': 1.0, 'f1-score': 1.0, 'support': 2.0}, 'accuracy': 1.0, 'macro avg': {'precision': 1.0, 'recall': 1.0, 'f1-score': 1.0, 'support': 4.0}, 'weighted avg': {'precision': 1.0, 'recall': 1.0, 'f1-score': 1.0, 'support': 4.0}, 'mean_auc': {'roc_auc': 1.0}}[[2 0]
 [0 2]]{'0': {'precision': 1.0, 'recall': 0.5, 'f1-score': 0.6666666666666666, 'support': 2.0}, '1': {'precision': 0.6666666666666666, 'recall': 1.0, 'f1-score': 0.8, 'support': 2.0}, 'accuracy': 0.75, 'macro avg': {'precision': 0.8333333333333333, 'recall': 0.75, 'f1-score': 0.7333333333333334, 'support': 4.0}, 'weighted avg': {'precision': 0.8333333333333333, 'recall': 0.75, 'f1-score': 0.7333333333333334, 'support': 4.0}, 'mean_auc': {'roc_auc': 1.0}}[[1 1]
 [0 2]]{'0': {'precision': 1.0, 'recall': 1.0, 'f1-score': 1.0, 'support': 2.0}, '1': {'precision': 1.0, 'recall': 1.0, 'f1-score': 1.0, 'support': 2.0}, 'accuracy': 1.0, 'macro avg': {'precision': 1.0, 'recall': 1.0, 'f1-score': 1.0, 'support': 4.0}, 'weighted avg': {'precision': 1.0, 'recall': 1.0, 'f1-score': 1.0, 'support': 4.0}, 'mean_auc': {'roc_auc': 1.0}}[[2 0]
 [0 2]]{'0': {'precision': 1.0, 'recall': 0.5, 'f1-score': 0.6666666666666666, 'support': 2.0}, '1': {'precision': 0.6666666666666666, 'recall': 1.0, 'f1-score': 0.8, 'support': 2.0}, 'accuracy': 0.75, 'macro avg': {'precision': 0.8333333333333333, 'recall': 0.75, 'f1-score': 0.7333333333333334, 'support': 4.0}, 'weighted avg': {'precision': 0.8333333333333333, 'recall': 0.75, 'f1-score': 0.7333333333333334, 'support': 4.0}, 'mean_auc': {'roc_auc': 1.0}}[[1 1]
 [0 2]]